dataset,angle_deg,thickness_um,affine_rmse,affine_scale,affine_offset
SiC_10deg,10.0,3.0,0.005472511266349673,0.7413644136122167,0.04220254663442514
SiC_10deg,10.0,3.02,0.005498225508230477,0.749276851326429,0.04075427439073421
SiC_10deg,10.0,3.04,0.0055202331555963945,0.7580807151273182,0.039143794896367226
SiC_10deg,10.0,3.06,0.005537855699582045,0.7677346089336731,0.03737787575721475
SiC_10deg,10.0,3.08,0.005550585570637797,0.7781671332155431,0.03546877524484051
SiC_10deg,10.0,3.1,0.005558149309424442,0.7892686077445514,0.03343579557620514
SiC_10deg,10.0,3.12,0.00556054356542935,0.8008875344615917,0.031305976288400435
SiC_10deg,10.0,3.14,0.005558037185160781,0.8128337536006223,0.029113570295891646
SiC_10deg,10.0,3.16,0.0055511382444973075,0.8248889736214968,0.026898174476735207
SiC_10deg,10.0,3.18,0.005540531495242469,0.8368235821792201,0.024701707073054625
SiC_10deg,10.0,3.2,0.005526998173802859,0.8484167943446123,0.022564759962082317
SiC_10deg,10.0,3.22,0.005511334615371319,0.8594758836059325,0.020523093461740482
SiC_10deg,10.0,3.24,0.005494286642424154,0.8698500637075991,0.01860507708083942
SiC_10deg,10.0,3.26,0.005476512189697906,0.8794358051706447,0.016830663293948056
SiC_10deg,10.0,3.2800000000000002,0.005458575898242396,0.8881726968473692,0.015212062755492372
SiC_10deg,10.0,3.3,0.005440969179306553,0.8960316347259882,0.013755806017426127
SiC_10deg,10.0,3.32,0.0054241410740127815,0.9029992178940707,0.01246549538871381
SiC_10deg,10.0,3.34,0.005408521966032946,0.9090630825299995,0.011344393951420987
SiC_10deg,10.0,3.36,0.005394524904888487,0.9142023209111888,0.010397102435302142
SiC_10deg,10.0,3.38,0.005382517097125057,0.9183853934028456,0.009629888998121994
SiC_10deg,10.0,3.4,0.005372764727456332,0.9215756140786995,0.009049659353952143
SiC_10deg,10.0,3.42,0.005365364622472556,0.9237420320365908,0.008661965265265291
SiC_10deg,10.0,3.44,0.005360183177980201,0.9248719459660172,0.008468737201285912
SiC_10deg,10.0,3.46,0.005356823915632475,0.9249808220084521,0.008466510680841862
SiC_10deg,10.0,3.48,0.005354639146390636,0.9241161974527159,0.008645765728833073
SiC_10deg,10.0,3.5,0.005352789992247114,0.9223540328622087,0.008991654295616094
SiC_10deg,10.0,3.52,0.005350346050398793,0.9197883465002418,0.009485957300246178
SiC_10deg,10.0,3.54,0.005346405561198071,0.9165170598547093,0.010109731577459775
SiC_10deg,10.0,3.56,0.005340212197349352,0.9126281234129031,0.010845900865182674
SiC_10deg,10.0,3.58,0.005331246370933172,0.9081898387106493,0.011681074980367879
SiC_10deg,10.0,3.6,0.005319275944206019,0.9032479457763801,0.012606128276589263
SiC_10deg,10.0,3.62,0.005304360978604999,0.8978299705700704,0.013615446742771802
SiC_10deg,10.0,3.64,0.005286817117965106,0.8919551807250983,0.014705143271561956
SiC_10deg,10.0,3.66,0.0052671502683038695,0.8856469236027428,0.015870826195988084
SiC_10deg,10.0,3.68,0.005245979855073558,0.8789435686919386,0.017105606178939282
SiC_10deg,10.0,3.7,0.005223968215581647,0.8719048702807254,0.01839891917285165
SiC_10deg,10.0,3.7199999999999998,0.005201769654462008,0.8646120592789573,0.0197364734182312
SiC_10deg,10.0,3.74,0.0051800055306256325,0.8571618355441252,0.021101292065271813
SiC_10deg,10.0,3.76,0.005159263568650075,0.8496560577471113,0.02247552938728755
SiC_10deg,10.0,3.7800000000000002,0.005140112751706406,0.8421898666396946,0.023842568873933878
SiC_10deg,10.0,3.8,0.0051231214179425265,0.834841077094523,0.02518889327625469
SiC_10deg,10.0,3.8200000000000003,0.00510886620992576,0.8276630692303572,0.02650532570742402
SiC_10deg,10.0,3.84,0.005097922909325487,0.8206823959088905,0.02778742376078418
SiC_10deg,10.0,3.86,0.0050908358256678415,0.8139012145954042,0.02903500904531412
SiC_10deg,10.0,3.88,0.005088068895976373,0.8073036816283853,0.030250989895265704
SiC_10deg,10.0,3.9,0.005089947512370782,0.8008647582000128,0.03143975942589902
SiC_10deg,10.0,3.92,0.005096603909552088,0.7945595424353528,0.03260551120493905
SiC_10deg,10.0,3.94,0.005107939591698209,0.7883712879643919,0.03375080555648865
SiC_10deg,10.0,3.96,0.005123615318885929,0.7822966781187504,0.03487564427740745
SiC_10deg,10.0,3.98,0.00514307319856055,0.7763476169401101,0.035977184978030964
SiC_10deg,10.0,4.0,0.005165588063284925,0.7705496257859102,0.03705007547706178
SiC_10deg,10.0,4.02,0.005190338721325043,0.7649377036762225,0.038087249048019925
SiC_10deg,10.0,4.04,0.005216485722213187,0.7595510322435322,0.039080926996706844
SiC_10deg,10.0,4.0600000000000005,0.005243241895159376,0.7544280578041211,0.04002354837522233
SiC_10deg,10.0,4.08,0.005269924818403533,0.7496032413435896,0.04090839130375118
SiC_10deg,10.0,4.1,0.005295985395916117,0.7451062142710179,0.04172975118051932
SiC_10deg,10.0,4.12,0.005321012342443876,0.7409633709286195,0.04248266939760333
SiC_10deg,10.0,4.140000000000001,0.005344717237898692,0.737201254723374,0.04316232833790955
SiC_10deg,10.0,4.16,0.005366907952349564,0.7338506221834804,0.04376331408970965
SiC_10deg,10.0,4.18,0.0053874592141260275,0.7309499091358568,0.044278977650017544
SiC_10deg,10.0,4.2,0.0054062879488790926,0.7285470017395312,0.044701093757173835
SiC_10deg,10.0,4.22,0.005423338257873245,0.726698667516027,0.04501993551215494
SiC_10deg,10.0,4.24,0.005438577352809862,0.7254675923557028,0.04522477686291613
SiC_10deg,10.0,4.26,0.005452000355613136,0.7249175365068757,0.04530473291073437
SiC_10deg,10.0,4.28,0.005463639396572451,0.7251075283205074,0.045249774561399635
SiC_10deg,10.0,4.3,0.0054735713614908555,0.7260861838164717,0.04505172292959462
SiC_10deg,10.0,4.32,0.005481919020585975,0.727887168664733,0.044705041091910744
SiC_10deg,10.0,4.34,0.005488841888255325,0.7305265551612292,0.04420728781942492
SiC_10deg,10.0,4.36,0.005494515618867507,0.7340024410268462,0.043559167218901865
SiC_10deg,10.0,4.38,0.005499101585134869,0.7382967593356564,0.042764187210493174
SiC_10deg,10.0,4.4,0.005502711029773376,0.7433787813305451,0.04182801724803133
SiC_10deg,10.0,4.42,0.005505370310807395,0.7492094554618893,0.04075770078363317
SiC_10deg,10.0,4.4399999999999995,0.005506994753194821,0.7557455003677969,0.039560918971792855
SiC_10deg,10.0,4.46,0.00550737806045581,0.7629421417032541,0.038245507081589726
SiC_10deg,10.0,4.48,0.005506202001086253,0.7707536010554797,0.03681938523594564
SiC_10deg,10.0,4.5,0.005503067464580779,0.77913091475199,0.03529097955766379
SiC_10deg,10.0,4.52,0.005497543705624359,0.7880173215403011,0.033670089496540385
SiC_10deg,10.0,4.54,0.005489228631529354,0.7973421831613298,0.03196902528910519
SiC_10deg,10.0,4.5600000000000005,0.005477810266934873,0.807015014446817,0.030203728137331395
SiC_10deg,10.0,4.58,0.0054631186973883115,0.8169215124850807,0.028394528659320937
SiC_10deg,10.0,4.6,0.005445159106177357,0.8269233365765799,0.026566223749820737
SiC_10deg,10.0,4.62,0.0054241198542922964,0.8368627377468115,0.024747269853349838
SiC_10deg,10.0,4.640000000000001,0.005400354434617668,0.8465720380437238,0.022968089345684266
SiC_10deg,10.0,4.66,0.005374341697504904,0.8558866468734564,0.02125872464722346
SiC_10deg,10.0,4.68,0.005346633739023319,0.8646591446164749,0.019646285037751215
SiC_10deg,10.0,4.7,0.005317803793083512,0.8727713734095148,0.01815273958962195
SiC_10deg,10.0,4.72,0.005288406163036234,0.8801417392709205,0.016793563754592896
SiC_10deg,10.0,4.74,0.005258956341005554,0.8867260582651915,0.015577544633428787
SiC_10deg,10.0,4.76,0.005229932937915937,0.8925119538323166,0.014507747875710022
SiC_10deg,10.0,4.78,0.005201795900826666,0.897508495863307,0.01358334440913736
SiC_10deg,10.0,4.8,0.005175010059122052,0.9017339294789861,0.01280178482756374
SiC_10deg,10.0,4.82,0.005150061063049243,0.905204648519708,0.012160752513672244
SiC_10deg,10.0,4.84,0.005127452852505807,0.9079280032280584,0.011659428077904304
SiC_10deg,10.0,4.86,0.005107681320143436,0.9099003277296369,0.011298815426626516
SiC_10deg,10.0,4.88,0.005091186311380258,0.9111101014197365,0.011081146564561188
SiC_10deg,10.0,4.9,0.005078291519615767,0.9115448087575008,0.0110086271471069
SiC_10deg,10.0,4.92,0.00506914705044969,0.9111991618180292,0.011081947945984069
SiC_10deg,10.0,4.9399999999999995,0.005063690685139747,0.9100821111927628,0.011299029969609641
SiC_10deg,10.0,4.96,0.005061640415191234,0.9082205454706489,0.011654383508722105
SiC_10deg,10.0,4.98,0.005062523387803514,0.9056586318222539,0.012139268807053011
SiC_10deg,10.0,5.0,0.005065737191295676,0.9024530741929013,0.01274260442666373
SiC_10deg,10.0,5.02,0.005070631317712463,0.8986657668413986,0.013452350726296495
SiC_10deg,10.0,5.04,0.005076592117338142,0.8943560428274322,0.01425696507477036
SiC_10deg,10.0,5.0600000000000005,0.005083114697872821,0.8895747590453034,0.01514651866447071
SiC_10deg,10.0,5.08,0.005089849533950192,0.8843618360670125,0.016113178999487502
SiC_10deg,10.0,5.1,0.005096618426658935,0.8787477940076834,0.017150958485911038
SiC_10deg,10.0,5.12,0.005103401858233507,0.8727586274770981,0.018254847490309322
SiC_10deg,10.0,5.140000000000001,0.00511030586900026,0.866422396060204,0.01941962585583055
SiC_10deg,10.0,5.16,0.005117520008714135,0.8597754455195589,0.020638730757968127
SiC_10deg,10.0,5.18,0.005125278062276656,0.8528663370026529,0.021903529806998136
SiC_10deg,10.0,5.2,0.005133830323628432,0.8457562737527912,0.023203219838935474
SiC_10deg,10.0,5.220000000000001,0.005143431193438382,0.8385158376934584,0.024525387196219547
SiC_10deg,10.0,5.24,0.005154340346448863,0.8312188612276867,0.025857082365663527
SiC_10deg,10.0,5.26,0.005166831253445081,0.8239349752912513,0.027186132492386137
SiC_10deg,10.0,5.28,0.005181198606077131,0.8167226312937379,0.028502368772581024
SiC_10deg,10.0,5.300000000000001,0.0051977565926327185,0.8096241868301989,0.029798483065793444
SiC_10deg,10.0,5.32,0.005216822688374694,0.8026640911325518,0.0310703279977775
SiC_10deg,10.0,5.34,0.005238685826576722,0.7958504814581843,0.03231660572128222
SiC_10deg,10.0,5.359999999999999,0.0052635624383822015,0.7891797781664419,0.03353802121412987
SiC_10deg,10.0,5.38,0.005291547790733738,0.7826432808410139,0.03473608169665083
SiC_10deg,10.0,5.4,0.005322572339177658,0.7762344144631598,0.03591178731576993
SiC_10deg,10.0,5.42,0.005356372786005521,0.7699552057638739,0.03706447010230975
SiC_10deg,10.0,5.4399999999999995,0.005392485062526314,0.763820792698712,0.03819099708129328
SiC_10deg,10.0,5.46,0.005430262079406013,0.7578612379212543,0.03928546787537221
SiC_10deg,10.0,5.48,0.005468913953829488,0.7521205276728818,0.0403394259535582
SiC_10deg,10.0,5.5,0.0055075639285425,0.7466532483376717,0.04134249178802401
SiC_10deg,10.0,5.52,0.005545310518594191,0.7415198974852188,0.042283242191590964
SiC_10deg,10.0,5.54,0.005581286103755216,0.7367819964841205,0.04315012250465843
SiC_10deg,10.0,5.5600000000000005,0.0056147040322085465,0.7324980896069107,0.04393219379813321
SiC_10deg,10.0,5.58,0.0056448895581948134,0.7287213793057009,0.04461957853223691
SiC_10deg,10.0,5.6,0.005671293628505541,0.7254992590927436,0.04520355691031683
SiC_10deg,10.0,5.62,0.005693491785311182,0.7228744937850791,0.04567635902185835
SiC_10deg,10.0,5.640000000000001,0.005711172674884967,0.7208873868826448,0.04603077222063486
SiC_10deg,10.0,5.66,0.005724121582271032,0.7195780585802237,0.046259722498691064
SiC_10deg,10.0,5.68,0.005732204082766558,0.7189879750838419,0.046355985789590985
SiC_10deg,10.0,5.7,0.0057353535698505135,0.7191601008794075,0.04631214371121359
SiC_10deg,10.0,5.720000000000001,0.005733564491181332,0.7201374190605632,0.04612083105377914
SiC_10deg,10.0,5.74,0.005726891063102699,0.7219599796530967,0.045775247502626085
SiC_10deg,10.0,5.76,0.005715449466866041,0.7246609910360485,0.045269841849541324
SiC_10deg,10.0,5.78,0.0056994203699315136,0.7282626908950287,0.04460103670403488
SiC_10deg,10.0,5.800000000000001,0.0056790482286090144,0.732772787131364,0.043767851615558025
SiC_10deg,10.0,5.82,0.005654634244271047,0.7381821507342158,0.04277230179971967
SiC_10deg,10.0,5.84,0.00562652099624807,0.7444642027272453,0.04161949285712753
SiC_10deg,10.0,5.859999999999999,0.005595068517355012,0.7515761098819502,0.040317391095641766
SiC_10deg,10.0,5.88,0.0055606236848001365,0.7594615397727486,0.03887631509972646
SiC_10deg,10.0,5.9,0.005523486926419121,0.7680543835100512,0.037308256338660334
SiC_10deg,10.0,5.92,0.005483881924950693,0.7772826019628125,0.035626182457096645
SiC_10deg,10.0,5.9399999999999995,0.005441934723402322,0.7870712593527439,0.03384349349590246
SiC_10deg,10.0,5.96,0.005397667975589646,0.7973439326535183,0.031973778471001434
SiC_10deg,10.0,5.98,0.0053510139234035775,0.8080220415227797,0.03003095475116971
SiC_10deg,10.0,6.0,0.005301846315749634,0.8190221846057197,0.028029774107282465
SiC_10deg,10.0,6.02,0.00525002761966337,0.8302521802932561,0.02598656785085611
SiC_10deg,10.0,6.04,0.005195464445527016,0.841607032101286,0.023920008428867524
SiC_10deg,10.0,6.0600000000000005,0.00513816201095352,0.852966301584919,0.02185161686060919
SiC_10deg,10.0,6.08,0.0050782683188545655,0.864194247989465,0.01980576750729351
SiC_10deg,10.0,6.1,0.005016100717833193,0.8751435463127227,0.01780904063083362
SiC_10deg,10.0,6.12,0.004952151359067884,0.8856625096021414,0.0158889336091139
SiC_10deg,10.0,6.140000000000001,0.004887072988199322,0.8956047295791641,0.014072125177395778
SiC_10deg,10.0,6.16,0.0048216513128179015,0.9048392114142999,0.012382639554807031
SiC_10deg,10.0,6.18,0.004756773444866126,0.9132587108242984,0.010840324972468592
SiC_10deg,10.0,6.2,0.004693402393578974,0.9207842632167286,0.009460011427190976
SiC_10deg,10.0,6.220000000000001,0.004632564733977161,0.9273647932014104,0.008251550952714185
SiC_10deg,10.0,6.24,0.004575352924429609,0.9329719538064923,0.007220716119231839
SiC_10deg,10.0,6.26,0.004522936876386068,0.9375915796147734,0.006370709043333505
SiC_10deg,10.0,6.28,0.004476573469997332,0.9412139735354749,0.005703881583770268
SiC_10deg,10.0,6.300000000000001,0.004437599846959553,0.9438254589739665,0.0052232284701911776
SiC_10deg,10.0,6.32,0.004407397863843816,0.9454032002143016,0.004933292365882017
SiC_10deg,10.0,6.34,0.004387323303542705,0.9459143850508636,0.004840284317940058
SiC_10deg,10.0,6.359999999999999,0.004378603238556013,0.9453197388098739,0.00495142691667932
SiC_10deg,10.0,6.38,0.004382215867854013,0.9435802847902208,0.0052737185758605755
SiC_10deg,10.0,6.4,0.004398775718544203,0.9406655325495281,0.005812450103044507
SiC_10deg,10.0,6.42,0.004428449783398523,0.9365610307249304,0.00656984841487887
SiC_10deg,10.0,6.4399999999999995,0.004470924986299377,0.9312735164097459,0.007544167562348949
SiC_10deg,10.0,6.46,0.004525435328177051,0.9248326408309218,0.008729410275598563
SiC_10deg,10.0,6.48,0.0045908421947737236,0.9172892352767702,0.010115683528227174
SiC_10deg,10.0,6.5,0.0046657489459979275,0.9087110133462116,0.011690021829667385
SiC_10deg,10.0,6.52,0.004748625141231387,0.8991772140137453,0.013437401511759697
SiC_10deg,10.0,6.54,0.00483791765441454,0.8887738096017768,0.015341648067617659
SiC_10deg,10.0,6.5600000000000005,0.004932133569995203,0.8775905266241331,0.017386007641677446
SiC_10deg,10.0,6.58,0.005029889632957592,0.8657202017671225,0.019553286276608652
SiC_10deg,10.0,6.6,0.005129931792714293,0.8532601642942512,0.021825612008752215
SiC_10deg,10.0,6.62,0.0052311338862288375,0.8403146616574312,0.02418399786345387
SiC_10deg,10.0,6.640000000000001,0.005332486097698867,0.8269970264674629,0.02660794215158043
SiC_10deg,10.0,6.66,0.005433082089392658,0.8134303997387676,0.02907528188089038
SiC_10deg,10.0,6.68,0.005532109947619922,0.7997463173661948,0.031562426491270966
SiC_10deg,10.0,6.7,0.005628847884385434,0.7860811597206241,0.03404497404421794
SiC_10deg,10.0,6.720000000000001,0.005722662303286015,0.7725711331405757,0.0364985910922553
SiC_10deg,10.0,6.74,0.005813004156536225,0.7593469000543149,0.038899956311869884
SiC_10deg,10.0,6.76,0.005899399621766819,0.7465290938246814,0.041227546101846445
SiC_10deg,10.0,6.78,0.005981432616867361,0.7342257470535704,0.04346207746105578
SiC_10deg,10.0,6.800000000000001,0.006058718874404995,0.7225322173717242,0.0455865034960704
SiC_10deg,10.0,6.82,0.006130873518411404,0.7115336439691349,0.04758555618712735
SiC_10deg,10.0,6.84,0.006197475780225638,0.7013094405504908,0.049444926191502786
SiC_10deg,10.0,6.859999999999999,0.006258035328093991,0.6919389265072245,0.051150242269999875
SiC_10deg,10.0,6.88,0.006311964554867096,0.6835069808552846,0.05268605193272701
SiC_10deg,10.0,6.9,0.006358560151804686,0.6761085989694383,0.05403500536145555
SiC_10deg,10.0,6.92,0.006396995648436987,0.6698514310833082,0.055177408275650326
SiC_10deg,10.0,6.9399999999999995,0.006426324705251206,0.6648557401757943,0.056091244165122484
SiC_10deg,10.0,6.96,0.006445493249250709,0.6612516616706247,0.05675268563782398
SiC_10deg,10.0,6.98,0.0064533574257047595,0.6591740882547641,0.05713703491983592
SiC_10deg,10.0,7.0,0.006448704016120624,0.6587558546497997,0.05721997027713596
SiC_10deg,10.0,7.0200000000000005,0.006430270426264431,0.6601201001830567,0.05697893894361024
SiC_10deg,10.0,7.04,0.006396762356950097,0.6633727210119988,0.0563945316024001
SiC_10deg,10.0,7.0600000000000005,0.0063468685044383525,0.668595705278337,0.05545169543695478
SiC_10deg,10.0,7.08,0.006279272783771663,0.6758419137349119,0.05414068478900532
SiC_10deg,10.0,7.1,0.006192665428887389,0.6851315745139769,0.05245770159833598
SiC_10deg,10.0,7.12,0.006085754850063402,0.6964504513586035,0.050405233453831834
SiC_10deg,10.0,7.14,0.005957282397194423,0.7097493639517695,0.04799214737506941
SiC_10deg,10.0,7.16,0.005806042317614602,0.7249445290894975,0.045233634889664184
SiC_10deg,10.0,7.18,0.005630909326259311,0.7419180914673147,0.04215112163786405
SiC_10deg,10.0,7.2,0.0054308763849676,0.7605182518102347,0.038772247466166566
SiC_10deg,10.0,7.22,0.005205105532643747,0.7805585858977601,0.03513098936251039
SiC_10deg,10.0,7.24,0.004952994962672358,0.8018164585200246,0.031267943623939476
SiC_10deg,10.0,7.26,0.004674266226009368,0.8240308177960073,0.02723071500078635
SiC_10deg,10.0,7.28,0.004369077093516292,0.8469000300960031,0.02307429319828104
SiC_10deg,10.0,7.3,0.004038169794391884,0.8700806974769971,0.018861246675338717
SiC_10deg,10.0,7.32,0.0036830745706403494,0.8931885102125092,0.014661544247830564
SiC_10deg,10.0,7.34,0.003306412776133484,0.915802075880525,0.01055183576742126
SiC_10deg,10.0,7.36,0.0029124013464662908,0.9374703272083671,0.006614085209192176
SiC_10deg,10.0,7.38,0.0025077998565991304,0.9577235947250871,0.002933543467189534
SiC_10deg,10.0,7.4,0.002103885271788397,0.976087847881475,-0.0004038461752154536
SiC_10deg,10.0,7.42,0.0017208440618984632,0.9921011108309807,-0.0033144271117040726
SiC_10deg,10.0,7.44,0.0013971092262480543,1.005330794611071,-0.00571996317740108
SiC_10deg,10.0,7.46,0.001201291470442635,1.0153907416933599,-0.0075507084814784445
SiC_10deg,10.0,7.48,0.0012099027012753354,1.021957124096454,-0.00874825894619146
SiC_10deg,10.0,7.5,0.0014230852451019183,1.0247828190609112,-0.009268120420466158
SiC_10deg,10.0,7.5200000000000005,0.0017660290757303572,1.0237102724665599,-0.009081999652509927
SiC_10deg,10.0,7.54,0.0021720022676179986,1.0186829293201585,-0.008179837774445508
SiC_10deg,10.0,7.5600000000000005,0.0026030578380343903,1.0097549645612212,-0.006571543281087475
SiC_10deg,10.0,7.58,0.003038465801382957,0.9970983823795904,-0.004288260139070294
SiC_10deg,10.0,7.6000000000000005,0.0034658495677969306,0.9810058530605426,-0.0013828783136525394
SiC_10deg,10.0,7.62,0.003877067083360103,0.9618872994886495,0.0020705729361355165
SiC_10deg,10.0,7.64,0.004266416593864208,0.9402585383791328,0.005978958070362899
SiC_10deg,10.0,7.66,0.004629835005656593,0.9167213049092585,0.010233620426782351
SiC_10deg,10.0,7.68,0.004964515173143531,0.8919355236374862,0.014715368801595219
SiC_10deg,10.0,7.7,0.005268695128180357,0.8665862748410497,0.019300427560722262
SiC_10deg,10.0,7.72,0.005541509438361414,0.841349030058816,0.023866707615312056
SiC_10deg,10.0,7.74,0.005782854971948369,0.8168570417676961,0.028299697282818004
SiC_10deg,10.0,7.76,0.005993254146601395,0.7936742169605565,0.03249737033308093
SiC_10deg,10.0,7.78,0.006173714568292239,0.7722756214579093,0.036373720783734964
SiC_10deg,10.0,7.8,0.006325591317370722,0.7530363480122234,0.03986078879568889
SiC_10deg,10.0,7.82,0.006450460211517958,0.7362282187732888,0.042909270273313434
SiC_10deg,10.0,7.84,0.0065500092948586434,0.7220229236659844,0.04548796053083964
SiC_10deg,10.0,7.86,0.006625953196917346,0.7104997877482792,0.04758235724391617
SiC_10deg,10.0,7.88,0.006679972059863583,0.70165634559752,0.04919275170992402
SiC_10deg,10.0,7.9,0.006713674170132376,0.6954201511697145,0.05033209312260194
SiC_10deg,10.0,7.92,0.00672857955681757,0.691660641462803,0.05102384075239247
SiC_10deg,10.0,7.94,0.006726120637152839,0.6902003092228776,0.05129994026938542
SiC_10deg,10.0,7.96,0.006707655339725355,0.6908248649768479,0.0511989836014524
SiC_10deg,10.0,7.98,0.006674487828121146,0.6932924397851624,0.05076454434773954
SiC_10deg,10.0,8.0,0.0066278918575316354,0.6973421557158637,0.05004363046777567
SiC_15deg,15.0,3.0,0.005926004819694482,0.8220931339158389,0.03559457325604207
SiC_15deg,15.0,3.02,0.0059587208949163,0.8302184513649822,0.034105767883955786
SiC_15deg,15.0,3.04,0.005986577210865374,0.8394244555726522,0.032420682260316656
SiC_15deg,15.0,3.06,0.006008293233670048,0.8497219948911094,0.030536533206406563
SiC_15deg,15.0,3.08,0.0060227919617963045,0.8610926392978879,0.028455873759947604
SiC_15deg,15.0,3.1,0.00602929651536218,0.8734754571392074,0.026189046360613116
SiC_15deg,15.0,3.12,0.006027401385226537,0.8867574526651683,0.023755972996227698
SiC_15deg,15.0,3.14,0.006017109638239308,0.9007703547195614,0.02118679218709976
SiC_15deg,15.0,3.16,0.005998831644069089,0.9152955013730139,0.018521022626491194
SiC_15deg,15.0,3.18,0.0059733461635077525,0.9300769546945424,0.015805223653665768
SiC_15deg,15.0,3.2,0.0059417306327555,0.9448409787216974,0.013089484632810372
SiC_15deg,15.0,3.22,0.0059052732013196284,0.9593181606154906,0.010423411979561812
SiC_15deg,15.0,3.24,0.005865382745907243,0.9732634274071649,0.007852471537572887
SiC_15deg,15.0,3.26,0.005823512737630148,0.9864695410939135,0.005415488159302714
SiC_15deg,15.0,3.2800000000000002,0.005781109525130925,0.9987714190481826,0.003143788570105873
SiC_15deg,15.0,3.3,0.00573958630277682,1.0100413155146988,0.0010619887495127356
SiC_15deg,15.0,3.32,0.005700313711685334,1.0201775973541134,-0.0008100615448255224
SiC_15deg,15.0,3.34,0.005664610502902426,1.0290916291398922,-0.0024549889711154133
SiC_15deg,15.0,3.36,0.005633716130033626,1.0366975957867905,-0.003856132170760099
SiC_15deg,15.0,3.38,0.00560873278892025,1.0429089113862382,-0.004996960843245872
SiC_15deg,15.0,3.4,0.005590536145871548,1.0476426182830916,-0.005861929474190522
SiC_15deg,15.0,3.42,0.005579668405747843,1.0508305555504838,-0.006438539964176147
SiC_15deg,15.0,3.44,0.0055762395371990086,1.052433823330832,-0.006719978192093365
SiC_15deg,15.0,3.46,0.005579867347332116,1.052455848363172,-0.006707468853841632
SiC_15deg,15.0,3.48,0.005589681610859143,1.0509495706094891,-0.0064115346682680745
SiC_15deg,15.0,3.5,0.00560440242048186,1.0480159146956738,-0.00585164857485872
SiC_15deg,15.0,3.52,0.005622483316322507,1.0437933011154474,-0.005054242049882065
SiC_15deg,15.0,3.54,0.0056422926604578405,1.0384406536170196,-0.004049525617725109
SiC_15deg,15.0,3.56,0.005662297957785461,1.0321182769353818,-0.0028679258460364765
SiC_15deg,15.0,3.58,0.005681219394150426,1.0249715047252776,-0.001537036366693325
SiC_15deg,15.0,3.6,0.005698128795185909,1.0171210405686415,-7.979982249454518e-05
SiC_15deg,15.0,3.62,0.005712484338910752,1.008661817789335,0.0014857460583199873
SiC_15deg,15.0,3.64,0.005724105466239095,0.9996696848987644,0.0031452841077681997
SiC_15deg,15.0,3.66,0.0057331034796487,0.9902130544588572,0.004886115183367015
SiC_15deg,15.0,3.68,0.005739789581472519,0.9803654540130584,0.006694875082409033
SiC_15deg,15.0,3.7,0.0057445829320321145,0.9702149876709104,0.008555795874408148
SiC_15deg,15.0,3.7199999999999998,0.005747937035263928,0.9598679498769654,0.010450013538087114
SiC_15deg,15.0,3.74,0.005750294768473191,0.9494457578861896,0.012356075708346657
SiC_15deg,15.0,3.76,0.005752072953498477,0.9390763284333745,0.014251449186985187
SiC_15deg,15.0,3.7800000000000002,0.005753669109268301,0.9288824252637577,0.016114573454655123
SiC_15deg,15.0,3.8,0.0057554779651594916,0.9189700297527147,0.017926911104860107
SiC_15deg,15.0,3.8200000000000003,0.005757904316165289,0.9094194547730511,0.01967450572653937
SiC_15deg,15.0,3.84,0.005761361509601478,0.9002809956320218,0.021348724860183008
SiC_15deg,15.0,3.86,0.005766250105138151,0.8915757385538428,0.022946077611930356
SiC_15deg,15.0,3.88,0.005772917584893613,0.8833010247608533,0.024467199464623147
SiC_15deg,15.0,3.9,0.005781605977510402,0.8754391911530257,0.025915255443492675
SiC_15deg,15.0,3.92,0.005792398622296131,0.8679676801059215,0.027294108147385063
SiC_15deg,15.0,3.94,0.005805179009130641,0.8608684760629983,0.02860662087364876
SiC_15deg,15.0,3.96,0.005819613125067797,0.854135088124328,0.02985341761111176
SiC_15deg,15.0,3.98,0.005835162210279379,0.8477759064730647,0.03103231015979776
SiC_15deg,15.0,4.0,0.0058511263510913495,0.8418135990090367,0.03213844964178291
SiC_15deg,15.0,4.02,0.005866712649653986,0.8362811023952897,0.033165098258491954
SiC_15deg,15.0,4.04,0.005881116621322911,0.8312154926305126,0.03410478486293346
SiC_15deg,15.0,4.0600000000000005,0.0058936032260670365,0.826651421321692,0.034950535980029306
SiC_15deg,15.0,4.08,0.005903574837087276,0.8226157881759456,0.035696877733945635
SiC_15deg,15.0,4.1,0.005910616896398332,0.819124909734574,0.03634037936437294
SiC_15deg,15.0,4.12,0.00591451689596941,0.816184756752684,0.03687963402776889
SiC_15deg,15.0,4.140000000000001,0.005915257459903106,0.8137940444552582,0.03731471536397426
SiC_15deg,15.0,4.16,0.005912988686422216,0.8119492617475884,0.037646274554845795
SiC_15deg,15.0,4.18,0.005907987827507767,0.8106502794660435,0.03787452327843546
SiC_15deg,15.0,4.2,0.005900615431800348,0.809905081806876,0.037998365624974974
SiC_15deg,15.0,4.22,0.005891276172340928,0.8097324284426497,0.038014895090523894
SiC_15deg,15.0,4.24,0.0058803900128110214,0.8101617942910134,0.03791937611054113
SiC_15deg,15.0,4.26,0.00586837578099886,0.8112305975077678,0.03770571042552038
SiC_15deg,15.0,4.28,0.0058556454964299575,0.8129793408885478,0.03736727791077626
SiC_15deg,15.0,4.3,0.005842604827707355,0.8154457161685476,0.0368979647651869
SiC_15deg,15.0,4.32,0.005829653496338225,0.8186588810294477,0.03629316252245357
SiC_15deg,15.0,4.34,0.005817179597709945,0.8226350144204383,0.0355505395383496
SiC_15deg,15.0,4.36,0.005805543604039816,0.8273749393580287,0.034670443230541824
SiC_15deg,15.0,4.38,0.005795050872564449,0.8328641497368113,0.033655872850321115
SiC_15deg,15.0,4.4,0.005785915200932953,0.8390750681232655,0.032512054672835654
SiC_15deg,15.0,4.42,0.005778219573346123,0.8459708722773692,0.03124574014205345
SiC_15deg,15.0,4.4399999999999995,0.005771882848135685,0.8535098388756063,0.029864418108988947
SiC_15deg,15.0,4.46,0.005766641929474241,0.8616489469046028,0.028375669582922147
SiC_15deg,15.0,4.48,0.0057620574300197205,0.8703455354911581,0.026786883667097545
SiC_15deg,15.0,4.5,0.00575754701958089,0.8795561625635759,0.025105489137697976
SiC_15deg,15.0,4.52,0.005752445289519155,0.8892324398806432,0.023339741503747992
SiC_15deg,15.0,4.54,0.005746083278064585,0.8993144257888732,0.021499958767543195
SiC_15deg,15.0,4.5600000000000005,0.005737876164056281,0.9097229675149335,0.01959995176377361
SiC_15deg,15.0,4.58,0.005727405128900039,0.9203529885177696,0.01765828518423789
SiC_15deg,15.0,4.6,0.005714479566193773,0.9310699102866038,0.01569896991414119
SiC_15deg,15.0,4.62,0.005699168710379153,0.9417110408930705,0.01375125159990733
SiC_15deg,15.0,4.640000000000001,0.005681796962896337,0.9520928301060055,0.011848328914627976
SiC_15deg,15.0,4.66,0.005662903947242553,0.9620235217923692,0.010025082851085861
SiC_15deg,15.0,4.68,0.0056431774183497195,0.9713192465956972,0.008315168284160703
SiC_15deg,15.0,4.7,0.005623372934829313,0.9798204377718022,0.006748030412130134
SiC_15deg,15.0,4.72,0.0056042368734730355,0.9874050578188012,0.00534648225993161
SiC_15deg,15.0,4.74,0.005586447661160845,0.9939957316134549,0.0041253715828372525
SiC_15deg,15.0,4.76,0.005570584077278506,0.9995593859088472,0.0030915949903885164
SiC_15deg,15.0,4.78,0.005557120841639199,1.004099941213431,0.0022453655526664235
SiC_15deg,15.0,4.8,0.005546443293612234,1.0076463609239759,0.0015823213385097567
SiC_15deg,15.0,4.82,0.00553886763264507,1.0102393877718177,0.0010958755361882623
SiC_15deg,15.0,4.84,0.005534652632152634,1.0119203287556489,0.0007792018353591366
SiC_15deg,15.0,4.86,0.00553399297520862,1.012724365508022,0.0006264079768002859
SiC_15deg,15.0,4.88,0.005536991901180104,1.0126793988846496,0.0006327160729953114
SiC_15deg,15.0,4.9,0.005543619306891349,1.0118098242896698,0.0007937606423514546
SiC_15deg,15.0,4.92,0.005553668220649777,1.010143300497208,0.0011043572226396338
SiC_15deg,15.0,4.9399999999999995,0.005566725521946679,1.0077178424722766,0.0015572268633942405
SiC_15deg,15.0,4.96,0.005582170833242215,1.0045866066814417,0.0021421538485455753
SiC_15deg,15.0,4.98,0.005599211081840171,1.000818521055344,0.002845910224590412
SiC_15deg,15.0,5.0,0.005616949235619893,0.9964942142728164,0.0036530427134737215
SiC_15deg,15.0,5.02,0.005634476945361246,0.9916981395878368,0.004547355039597864
SiC_15deg,15.0,5.04,0.005650974887436449,0.9865089425939818,0.005513709008887458
SiC_15deg,15.0,5.0600000000000005,0.005665802972259576,0.9809906581305723,0.006539671107194451
SiC_15deg,15.0,5.08,0.005678565256810316,0.975187103021173,0.007616572254658615
SiC_15deg,15.0,5.1,0.005689140192327826,0.9691209486170117,0.008739709784795916
SiC_15deg,15.0,5.12,0.005697674049208262,0.9627976823743537,0.009907652899850218
SiC_15deg,15.0,5.140000000000001,0.005704542327784713,0.9562133666599878,0.011120849293140375
SiC_15deg,15.0,5.16,0.005710289334553939,0.9493641342057584,0.012379906447131573
SiC_15deg,15.0,5.18,0.005715558918850547,0.942254981442208,0.013683989789753635
SiC_15deg,15.0,5.2,0.005721029142419321,0.9349057205649424,0.01502972589133743
SiC_15deg,15.0,5.220000000000001,0.005727360543125995,0.9273528163811522,0.01641084265697194
SiC_15deg,15.0,5.24,0.005735162530353123,0.9196469872149671,0.017818570202377235
SiC_15deg,15.0,5.26,0.005744976768951796,0.9118475428583139,0.019242628550014927
SiC_15deg,15.0,5.28,0.005757271779065852,0.9040151697848716,0.020672495050758265
SiC_15deg,15.0,5.300000000000001,0.005772440631626263,0.8962051000227019,0.02209860345887301
SiC_15deg,15.0,5.32,0.0057907940349897265,0.8884623278121747,0.023513175648104918
SiC_15deg,15.0,5.34,0.005812543952364237,0.8808199067996784,0.024910500947854314
SiC_15deg,15.0,5.359999999999999,0.0058377772097356435,0.8733005651482321,0.02628662176417197
SiC_15deg,15.0,5.38,0.005866423091625757,0.8659211055082129,0.027638523327887764
SiC_15deg,15.0,5.4,0.0058982224200618254,0.8586984606285081,0.02896303296521784
SiC_15deg,15.0,5.42,0.00593270708559444,0.8516559535996329,0.030255691994849395
SiC_15deg,15.0,5.4399999999999995,0.005969197974424041,0.8448283130257772,0.03150986236210012
SiC_15deg,15.0,5.46,0.00600682591737733,0.8382643097775909,0.03271627195790415
SiC_15deg,15.0,5.48,0.006044575555270542,0.8320264426499732,0.033863100227208814
SiC_15deg,15.0,5.5,0.0060813471842181685,0.8261877771074374,0.0349365825676592
SiC_15deg,15.0,5.52,0.0061160280250578975,0.8208266742081455,0.03592199730701604
SiC_15deg,15.0,5.54,0.006147562819974822,0.8160205855321492,0.036804819941993416
SiC_15deg,15.0,5.5600000000000005,0.0061750143746599935,0.8118402368553519,0.03757180336159898
SiC_15deg,15.0,5.58,0.00619760717555927,0.8083453587738483,0.0382117732850742
SiC_15deg,15.0,5.6,0.0062147506935289485,0.8055827042482641,0.03871600443699524
SiC_15deg,15.0,5.62,0.006226042572225368,0.8035865338567713,0.03907814452643239
SiC_15deg,15.0,5.640000000000001,0.006231254913437818,0.8023811848830532,0.03929375539247079
SiC_15deg,15.0,5.66,0.006230308899117392,0.801984896934302,0.03935962092291431
SiC_15deg,15.0,5.68,0.0062232438572402725,0.8024138370438432,0.03927301297888292
SiC_15deg,15.0,5.7,0.0062101865981509016,0.8036852914603064,0.039031102383713455
SiC_15deg,15.0,5.720000000000001,0.006191325584171163,0.8058192496962507,0.03863065565704135
SiC_15deg,15.0,5.74,0.006166892547282586,0.8088380245561714,0.038068082946340745
SiC_15deg,15.0,5.76,0.006137151940311763,0.8127640216651945,0.03733981794564783
SiC_15deg,15.0,5.78,0.006102396538612726,0.8176161820953546,0.03644293653264427
SiC_15deg,15.0,5.800000000000001,0.006062946000014774,0.8234058865488885,0.035375872841703494
SiC_15deg,15.0,5.82,0.006019144524268603,0.8301331864015747,0.03413907733760773
SiC_15deg,15.0,5.84,0.005971354063938753,0.8377841160328859,0.032735481238484826
SiC_15deg,15.0,5.859999999999999,0.005919940810126137,0.8463295747042795,0.03117067961673304
SiC_15deg,15.0,5.88,0.0058652547452270574,0.8557258966123806,0.02945281237563224
SiC_15deg,15.0,5.9,0.0058076046024154865,0.8659168186101471,0.027592196463091263
SiC_15deg,15.0,5.92,0.0057472331129943405,0.8768361810560434,0.025600830545863547
SiC_15deg,15.0,5.9399999999999995,0.005684299336348873,0.8884104414024606,0.023491939755761533
SiC_15deg,15.0,5.96,0.005618875504478774,0.9005600234217515,0.021279738263695377
SiC_15deg,15.0,5.98,0.005550964691752737,0.9131987242031397,0.01897955100130131
SiC_15deg,15.0,6.0,0.005480542634373062,0.9262308612682477,0.016608351954447563
SiC_15deg,15.0,6.02,0.005407622562401227,0.9395464959340922,0.01418565739874272
SiC_15deg,15.0,6.04,0.005332336805151297,0.9530157755413468,0.011734583848156331
SiC_15deg,15.0,6.0600000000000005,0.0052550242627431056,0.9664840062219522,0.009282776847318486
SiC_15deg,15.0,6.08,0.005176309656705665,0.979769305320023,0.006862873241190098
SiC_15deg,15.0,6.1,0.005097159614300928,0.9926644462792565,0.004512201940538938
SiC_15deg,15.0,6.12,0.005018902605963101,1.0049437638063685,0.0022715628381693204
SiC_15deg,15.0,6.140000000000001,0.004943204617037926,1.0163748459413802,0.00018313015817972766
SiC_15deg,15.0,6.16,0.0048719996831183285,1.026733468733783,-0.0017122429363056607
SiC_15deg,15.0,6.18,0.004807382778957156,1.035819199722472,-0.0033778542791508175
SiC_15deg,15.0,6.2,0.004751479997965033,1.043468672324663,-0.004783574725179394
SiC_15deg,15.0,6.220000000000001,0.004706315161568161,1.0495639252162237,-0.005907389067263964
SiC_15deg,15.0,6.24,0.00467369123643265,1.0540343528747937,-0.006735789718771702
SiC_15deg,15.0,6.26,0.004655099122414665,1.0568523937403507,-0.007263042209291254
SiC_15deg,15.0,6.28,0.004651657497690751,1.0580246000301643,-0.007489616130671347
SiC_15deg,15.0,6.300000000000001,0.00466407893693934,1.0575807288124441,-0.007420255892314329
SiC_15deg,15.0,6.32,0.0046926528534943475,1.0555637066737775,-0.00706220492671062
SiC_15deg,15.0,6.34,0.004737236618958888,1.0520227551560208,-0.006423995337509213
SiC_15deg,15.0,6.359999999999999,0.004797251576944863,1.0470108496543105,-0.005515013563294734
SiC_15deg,15.0,6.38,0.004871687597397599,1.0405863682093799,-0.004345814408939462
SiC_15deg,15.0,6.4,0.004959124729469084,1.0328176258858048,-0.0029289457278197767
SiC_15deg,15.0,6.42,0.005057780921519915,1.0237882698986043,-0.0012799159999833123
SiC_15deg,15.0,6.4399999999999995,0.005165590358074424,1.0136013891066302,0.0005820840030458817
SiC_15deg,15.0,6.46,0.005280309509501216,1.002380671600331,0.0026340059166296524
SiC_15deg,15.0,6.48,0.0053996404315372806,0.9902678698594527,0.004849446089538292
SiC_15deg,15.0,6.5,0.005521355899522829,0.9774169269266885,0.007199757383056845
SiC_15deg,15.0,6.52,0.0056434100687725005,0.9639860594943348,0.009655531119464059
SiC_15deg,15.0,6.54,0.005764021399424852,0.9501296218213424,0.012188114501226912
SiC_15deg,15.0,6.5600000000000005,0.0058817202609971544,0.9359915626625428,0.014770831931379402
SiC_15deg,15.0,6.58,0.005995360152893501,0.9217017780950173,0.01737967223090383
SiC_15deg,15.0,6.6,0.006104097237746661,0.9073758379706237,0.019993354483077402
SiC_15deg,15.0,6.62,0.006207346831217773,0.8931176764804734,0.02259284691907379
SiC_15deg,15.0,6.640000000000001,0.006304727195639281,0.8790241355662025,0.025160540984776446
SiC_15deg,15.0,6.66,0.00639600053928682,0.86518990893821,0.027679344833689844
SiC_15deg,15.0,6.68,0.006481018994652712,0.8517115161557872,0.030131945905445837
SiC_15deg,15.0,6.7,0.006559680236563552,0.8386893796776129,0.032500412106130534
SiC_15deg,15.0,6.720000000000001,0.006631894095339543,0.8262277242551044,0.03476618417331312
SiC_15deg,15.0,6.74,0.00669755874792321,0.8144326650157544,0.03691039471070732
SiC_15deg,15.0,6.76,0.006756543338113906,0.8034093176906208,0.038914364722863116
SiC_15deg,15.0,6.78,0.00680867337343413,0.7932589461723484,0.04076009535751921
SiC_15deg,15.0,6.800000000000001,0.006853715837564897,0.7840770483418087,0.04243059292970308
SiC_15deg,15.0,6.82,0.006891362282943715,0.77595293968781,0.043909926765471056
SiC_15deg,15.0,6.84,0.006921209777927208,0.7689709370678418,0.04518300185381082
SiC_15deg,15.0,6.859999999999999,0.006942741061408694,0.7632127881194092,0.04623511073454726
SiC_15deg,15.0,6.88,0.006955306300413048,0.758760630968996,0.04705139414500295
SiC_15deg,15.0,6.9,0.006958109289541172,0.7556995686936033,0.04761637595089483
SiC_15deg,15.0,6.92,0.006950200755483301,0.7541189352262699,0.047913739029821344
SiC_15deg,15.0,6.9399999999999995,0.006930480746602437,0.7541115127780299,0.047926475315788
SiC_15deg,15.0,6.96,0.006897711109273154,0.7557703012104914,0.04763748140363305
SiC_15deg,15.0,6.98,0.006850538037605909,0.7591828737292158,0.04703059251604729
SiC_15deg,15.0,7.0,0.006787523860451631,0.764423798791749,0.04609196715061365
SiC_15deg,15.0,7.0200000000000005,0.006707186728817065,0.7715459816857976,0.044811667460505494
SiC_15deg,15.0,7.04,0.006608046687873055,0.7805720134332935,0.04318523848276918
SiC_15deg,15.0,7.0600000000000005,0.006488676661442311,0.7914866698654238,0.041215079730501085
SiC_15deg,15.0,7.08,0.006347757027825063,0.8042315706205101,0.03891142692130515
SiC_15deg,15.0,7.1,0.006184132688743494,0.8187027042479887,0.03629281639119492
SiC_15deg,15.0,7.12,0.005996871935061349,0.8347510930090499,0.03338598253439724
SiC_15deg,15.0,7.14,0.005785327241680988,0.8521863737765389,0.030225227871505382
SiC_15deg,15.0,7.16,0.005549199711377915,0.8707825958988658,0.026851390680373136
SiC_15deg,15.0,7.18,0.005288611585878402,0.8902851822622835,0.023310598795748507
SiC_15deg,15.0,7.2,0.005004195436998064,0.9104178574104773,0.019653023840371917
SiC_15deg,15.0,7.22,0.004697214934079049,0.9308884708065313,0.01593182801510562
SiC_15deg,15.0,7.24,0.004369741677665477,0.9513930264587493,0.012202426963384413
SiC_15deg,15.0,7.26,0.0040249280453372146,0.9716177950060872,0.00852209092800071
SiC_15deg,15.0,7.28,0.003667442003457982,0.9912400004230075,0.004949795866314478
SiC_15deg,15.0,7.3,0.0033041728079105477,1.0099280908278263,0.0015461433743745284
SiC_15deg,15.0,7.32,0.002945376264735348,1.0273428907874673,-0.0016268832123050739
SiC_15deg,15.0,7.34,0.0026064543471936443,1.0431409104835394,-0.004506554729282552
SiC_15deg,15.0,7.36,0.0023102929854968346,1.056980742438966,-0.0070305895827113595
SiC_15deg,15.0,7.38,0.0020886873372844513,1.0685328693910348,-0.009138960035054029
SiC_15deg,15.0,7.4,0.001978020470265392,1.0774924642072252,-0.010776232363433589
SiC_15deg,15.0,7.42,0.0020038435537301077,1.0835940582564825,-0.011894234723065179
SiC_15deg,15.0,7.44,0.0021636570550467313,1.0866264717294298,-0.012454759961804082
SiC_15deg,15.0,7.46,0.00242936864253072,1.086446277751818,-0.01243198992694963
SiC_15deg,15.0,7.48,0.0027656052239703756,1.0829883528749709,-0.011814380294773113
SiC_15deg,15.0,7.5,0.003142516714345886,1.0762726607238775,-0.010605854253754701
SiC_15deg,15.0,7.5200000000000005,0.00353840219783777,1.066407119966694,-0.008826282320631706
SiC_15deg,15.0,7.54,0.003938089368232093,1.0535869729515042,-0.006511328683047523
SiC_15deg,15.0,7.5600000000000005,0.004330907479384486,1.0380913005951242,-0.00371178592746433
SiC_15deg,15.0,7.58,0.004709228249401714,1.0202771655924114,-0.0004924895276321398
SiC_15deg,15.0,7.6000000000000005,0.005067547519823699,1.0005714268070953,0.003069177606851174
SiC_15deg,15.0,7.62,0.0054019223469768726,0.9794598035898429,0.006885266198039857
SiC_15deg,15.0,7.64,0.005709618614754101,0.957472561058208,0.010859842545030697
SiC_15deg,15.0,7.66,0.005988878427322463,0.9351664219760594,0.01489224577192697
SiC_15deg,15.0,7.68,0.006238753422760392,0.9131029850270954,0.018880973716002235
SiC_15deg,15.0,7.7,0.006458972485240386,0.8918248385705504,0.022727986264015645
SiC_15deg,15.0,7.72,0.006649826152198162,0.8718313785338585,0.026343065784686415
SiC_15deg,15.0,7.74,0.00681205914179597,0.8535567645742864,0.02964779584302702
SiC_15deg,15.0,7.76,0.006946768574554504,0.8373523264762964,0.03257873981815961
SiC_15deg,15.0,7.78,0.007055309197484349,0.8234751132221699,0.03508951173097724
SiC_15deg,15.0,7.8,0.0071392084928580115,0.8120833688650647,0.037151595120307135
SiC_15deg,15.0,7.82,0.007200094368438512,0.8032387807442144,0.03875393555645755
SiC_15deg,15.0,7.84,0.007239636831074035,0.79691457899573,0.03990147168234197
SiC_15deg,15.0,7.86,0.007259503401814878,0.7930080651628036,0.04061286139727677
SiC_15deg,15.0,7.88,0.007261326695208355,0.7913559081740464,0.040917704339954966
SiC_15deg,15.0,7.9,0.007246681942655476,0.7917505169811043,0.04085356812314049
SiC_15deg,15.0,7.92,0.007217072337280905,0.7939559322336369,0.04046310235637218
SiC_15deg,15.0,7.94,0.007173920671904317,0.7977219505568771,0.03979147556335255
SiC_15deg,15.0,7.96,0.007118566426767972,0.8027955939498269,0.03888429752178446
SiC_15deg,15.0,7.98,0.007052267843493348,0.8089295381464093,0.03778609804378078
SiC_15deg,15.0,8.0,0.006976208369591225,0.8158876539394309,0.036539334485138616
