stage,candidate_id,epi_nu_p_scale,sub_nu_p_scale,epi_gamma_scale,sub_gamma_scale,epi_gamma_l_scale,epi_gamma_t_scale,sub_gamma_l_scale,sub_gamma_t_scale,joint_best_thickness_um,joint_mean_rmse,joint_max_rmse,joint_std_rmse
baseline,0,1.0,1.0,1.0,1.0,1.0,1.0,1.0,1.0,7.4399999999999995,0.0017822787260112212,0.0021660152685434673,0.0005426854228272626
plasma,0,0.5,0.5,1.0,1.0,1.0,1.0,1.0,1.0,7.51,0.002726411325919641,0.002880035697861082,0.0002172576703106347
plasma,1,0.5,1.0,1.0,1.0,1.0,1.0,1.0,1.0,7.4399999999999995,0.001798993648587642,0.002260901406192298,0.000653236215369849
plasma,2,0.5,1.5,1.0,1.0,1.0,1.0,1.0,1.0,7.4,0.004184340029482863,0.004514608591272174,0.0004670702793079002
plasma,3,0.5,2.0,1.0,1.0,1.0,1.0,1.0,1.0,7.38,0.006370433928853959,0.006684878822930496,0.00044469223382201004
plasma,4,1.0,0.5,1.0,1.0,1.0,1.0,1.0,1.0,7.52,0.0027912819332267915,0.002936640931137677,0.00020556866625853635
plasma,5,1.0,1.0,1.0,1.0,1.0,1.0,1.0,1.0,7.4399999999999995,0.0017822787260112212,0.0021660152685434673,0.0005426854228272626
plasma,6,1.0,1.5,1.0,1.0,1.0,1.0,1.0,1.0,7.41,0.004088348600977041,0.004463527986795355,0.000530583775747067
plasma,7,1.0,2.0,1.0,1.0,1.0,1.0,1.0,1.0,7.38,0.006308496546734682,0.006600844123136777,0.00041344190747474673
plasma,8,1.5,0.5,1.0,1.0,1.0,1.0,1.0,1.0,7.54,0.0028932212038051707,0.0030337814094828345,0.00019878214919930384
plasma,9,1.5,1.0,1.0,1.0,1.0,1.0,1.0,1.0,7.45,0.0017722488833131367,0.0021437182740431555,0.000525337050376863
plasma,10,1.5,1.5,1.0,1.0,1.0,1.0,1.0,1.0,7.41,0.003931956150197211,0.004247161708178619,0.00044576797503268693
plasma,11,1.5,2.0,1.0,1.0,1.0,1.0,1.0,1.0,7.39,0.006201666068225252,0.006507899629861828,0.00043307965612026316
plasma,12,2.0,0.5,1.0,1.0,1.0,1.0,1.0,1.0,7.56,0.0030173016955839377,0.0031277086038872387,0.00015613894710221084
plasma,13,2.0,1.0,1.0,1.0,1.0,1.0,1.0,1.0,7.46,0.0018104473159175566,0.002110047344620737,0.0004236984238794065
plasma,14,2.0,1.5,1.0,1.0,1.0,1.0,1.0,1.0,7.43,0.003719773519484961,0.004116734859877776,0.0005613881113213219
plasma,15,2.0,2.0,1.0,1.0,1.0,1.0,1.0,1.0,7.4,0.006054824864256166,0.006360386063880432,0.0004321287926436298
drude_gamma,0,1.5,1.0,0.5,0.5,1.0,1.0,1.0,1.0,7.4399999999999995,0.0017532772998023372,0.0021791630001353015,0.000602293333431642
drude_gamma,1,1.5,1.0,0.5,1.0,1.0,1.0,1.0,1.0,7.45,0.001774201427351791,0.0021443169538557416,0.0005234223972267456
drude_gamma,2,1.5,1.0,0.5,1.5,1.0,1.0,1.0,1.0,7.47,0.0018005309115374886,0.002233490193966666,0.0006122968891666659
drude_gamma,3,1.5,1.0,0.5,2.0,1.0,1.0,1.0,1.0,7.4799999999999995,0.0018283359998262647,0.002218118245009661,0.0005512353375105938
drude_gamma,4,1.5,1.0,1.0,0.5,1.0,1.0,1.0,1.0,7.4399999999999995,0.0017520513593608086,0.002179269209314823,0.0006041772774928412
drude_gamma,5,1.5,1.0,1.0,1.0,1.0,1.0,1.0,1.0,7.45,0.0017722488833131367,0.0021437182740431555,0.000525337050376863
drude_gamma,6,1.5,1.0,1.0,1.5,1.0,1.0,1.0,1.0,7.47,0.0017986295026176948,0.0022328094523925137,0.000614023173482018
drude_gamma,7,1.5,1.0,1.0,2.0,1.0,1.0,1.0,1.0,7.4799999999999995,0.0018263653212669906,0.0022172655410422834,0.0005528163923408426
drude_gamma,8,1.5,1.0,1.5,0.5,1.0,1.0,1.0,1.0,7.4399999999999995,0.0017508696833701395,0.002179510284515087,0.0006061893515229408
drude_gamma,9,1.5,1.0,1.5,1.0,1.0,1.0,1.0,1.0,7.45,0.001770319718243147,0.0021432408072304013,0.0005273900617407187
drude_gamma,10,1.5,1.0,1.5,1.5,1.0,1.0,1.0,1.0,7.47,0.0017967463531893926,0.002232249530394795,0.0006158944996604533
drude_gamma,11,1.5,1.0,1.5,2.0,1.0,1.0,1.0,1.0,7.4799999999999995,0.0018243872648516062,0.0022165112235961776,0.000554547020588001
drude_gamma,12,1.5,1.0,2.0,0.5,1.0,1.0,1.0,1.0,7.4399999999999995,0.0017497351913965393,0.0021798864282815875,0.0006083257130743971
drude_gamma,13,1.5,1.0,2.0,1.0,1.0,1.0,1.0,1.0,7.45,0.0017684183746665021,0.002142886346046747,0.0005295776838002821
drude_gamma,14,1.5,1.0,2.0,1.5,1.0,1.0,1.0,1.0,7.47,0.0017948861286634587,0.002231812397428566,0.0006179070550446867
drude_gamma,15,1.5,1.0,2.0,2.0,1.0,1.0,1.0,1.0,7.4799999999999995,0.00182240682335634,0.002215857796135219,0.0005564237018327777
phonon_layer,0,1.5,1.0,2.0,0.5,0.5,0.5,0.5,0.5,7.41,0.001764944164733803,0.0021029112770018046,0.0004779576738054783
phonon_layer,1,1.5,1.0,2.0,0.5,0.5,0.5,1.0,1.0,7.4399999999999995,0.0017567090985409622,0.0021662462162569318,0.0005791729461691108
phonon_layer,2,1.5,1.0,2.0,0.5,0.5,0.5,1.5,1.5,7.46,0.001795501617070888,0.002207200710482277,0.0005822304415190943
phonon_layer,3,1.5,1.0,2.0,0.5,0.5,0.5,2.0,2.0,7.4799999999999995,0.001904561557568689,0.0023584489282989073,0.0006418936754765397
phonon_layer,4,1.5,1.0,2.0,0.5,1.0,1.0,0.5,0.5,7.41,0.0017650623416343623,0.002127602671239869,0.0005127094510353196
phonon_layer,5,1.5,1.0,2.0,0.5,1.0,1.0,1.0,1.0,7.4399999999999995,0.0017497351913965393,0.0021798864282815875,0.0006083257130743971
phonon_layer,6,1.5,1.0,2.0,0.5,1.0,1.0,1.5,1.5,7.46,0.0017681134053546608,0.0021995538187561166,0.0006101488839881938
phonon_layer,7,1.5,1.0,2.0,0.5,1.0,1.0,2.0,2.0,7.4799999999999995,0.0018554989014454297,0.0023279191662900363,0.0006681031456831322
phonon_layer,8,1.5,1.0,2.0,0.5,1.5,1.5,0.5,0.5,7.41,0.0017719423948090412,0.002157448734928874,0.0005451882945782826
phonon_layer,9,1.5,1.0,2.0,0.5,1.5,1.5,1.0,1.0,7.4399999999999995,0.0017508473138703427,0.002199782341532749,0.0006348900047445157
phonon_layer,10,1.5,1.0,2.0,0.5,1.5,1.5,1.5,1.5,7.46,0.001749418658448158,0.0021992681964737378,0.0006361833177030463
phonon_layer,11,1.5,1.0,2.0,0.5,1.5,1.5,2.0,2.0,7.4799999999999995,0.0018146713893703213,0.0023048253195844903,0.0006931823357593535
phonon_layer,12,1.5,1.0,2.0,0.5,2.0,2.0,0.5,0.5,7.4,0.0017836395124957403,0.0020878533093392072,0.00043022327735704437
phonon_layer,13,1.5,1.0,2.0,0.5,2.0,2.0,1.0,1.0,7.43,0.001751815326522589,0.0021088041835044887,0.0005048584831598717
phonon_layer,14,1.5,1.0,2.0,0.5,2.0,2.0,1.5,1.5,7.46,0.0017394098796855387,0.0022059748382576186,0.0006598224921406764
phonon_layer,15,1.5,1.0,2.0,0.5,2.0,2.0,2.0,2.0,7.4799999999999995,0.0017824366141914595,0.0022890873898076046,0.0007165123982632002
