dataset,angle_deg,thickness_um,rmse,affine_scale,affine_offset
SiC_10deg,10.0,7.2,0.005472651454664228,0.7545519242045143,0.04001508804605611
SiC_15deg,15.0,7.2,0.00508624626967166,0.9004764793805726,0.021649701745871247
joint,,7.2,0.005279448862167944,,
SiC_10deg,10.0,7.205,0.005423141072320493,0.7590117722658052,0.03920564865959833
SiC_15deg,15.0,7.205,0.005015915562398808,0.9053043857111481,0.02077337644037311
joint,,7.205,0.00521952831735965,,
SiC_10deg,10.0,7.21,0.0053720553296634855,0.7635632346969202,0.038379540881402
SiC_15deg,15.0,7.21,0.0049441525001171415,0.9101593323779863,0.019892009997297233
joint,,7.21,0.0051581039148903135,,
SiC_10deg,10.0,7.215,0.0053193821745538385,0.7682034239622252,0.03753729121899069
SiC_15deg,15.0,7.215,0.004870979164790517,0.915036889579033,0.019006408787355822
joint,,7.215,0.005095180669672178,,
SiC_10deg,10.0,7.22,0.005265110426751284,0.7729293120493039,0.036679451819634445
SiC_15deg,15.0,7.22,0.004796420573093113,0.9199325818125593,0.018117387861180834
joint,,7.22,0.005030765499922199,,
SiC_10deg,10.0,7.225,0.0052092298527283126,0.7777377279374532,0.03580660091853785
SiC_15deg,15.0,7.225,0.0047205048803398006,0.9248418900988387,0.017225770532828755
joint,,7.225,0.004964867366534056,,
SiC_10deg,10.0,7.23,0.005151731245551013,0.7826253549540578,0.03491934330605695
SiC_15deg,15.0,7.23,0.004643263608388633,0.9297602537203833,0.016332388048223817
joint,,7.23,0.004897497426969823,,
SiC_10deg,10.0,7.235,0.005092606510072483,0.7875887280624261,0.03401831080605833
SiC_15deg,15.0,7.235,0.004564731900808252,0.9346830715133163,0.015438079332699278
joint,,7.235,0.004828669205440367,,
SiC_10deg,10.0,7.24,0.005031848753708269,0.7926242311298883,0.03310416275659675
SiC_15deg,15.0,7.24,0.004484948809050677,0.939605702752008,0.014543690810080168
joint,,7.24,0.004758398781379473,,
SiC_10deg,10.0,7.245,0.004969452383095601,0.797728094229655,0.03217758648324659
SiC_15deg,15.0,7.245,0.004403957613887254,0.9445234676780984,0.01365007628413975
joint,,7.245,0.004686704998491428,,
SiC_10deg,10.0,7.25,0.004905413206979565,0.8028963910341521,0.03123929775466583
SiC_15deg,15.0,7.25,0.004321806186959985,0.9494316477333221,0.012758096871773233
joint,,7.25,0.004613609696969775,,
SiC_10deg,10.0,7.255,0.004839728545723487,0.8081250363610657,0.030290041209345198
SiC_15deg,15.0,7.255,0.004238547397983625,0.9543254855629678,0.011868620975903271
joint,,7.255,0.004539137971853556,,
SiC_10deg,10.0,7.26,0.004772397347909742,0.8134097839362009,0.029330590741983242
SiC_15deg,15.0,7.26,0.0041542395739142595,0.9592001848632418,0.010982524284976786
joint,,7.26,0.004463318460912,,
SiC_10deg,10.0,7.265,0.004703420314585045,0.8187462244393409,0.028361749837559902
SiC_15deg,15.0,7.265,0.004068947017285761,0.9640509101512135,0.010100689784947214
joint,,7.265,0.004386183665935403,,
SiC_10deg,10.0,7.27,0.004632800031814937,0.8241297839005562,0.027384351840962967
SiC_15deg,15.0,7.27,0.003982740591911295,0.9688727865401746,0.00922400776889043
joint,,7.27,0.004307770311863116,,
SiC_10deg,10.0,7.275,0.0045605411123511965,0.8295557225148478,0.026399260149951143
SiC_15deg,15.0,7.275,0.003895698385251793,0.9736608996062386,0.008353375828872855
joint,,7.275,0.004228119748801495,,
SiC_10deg,10.0,7.28,0.004486650347389898,0.8350191339424674,0.025407368319345286
SiC_15deg,15.0,7.28,0.0038079064579566355,0.9784102954336424,0.007489698814398704
joint,,7.28,0.004147278402673267,,
SiC_10deg,10.0,7.285,0.004411136869613845,0.8405149451608851,0.024409600064598275
SiC_15deg,15.0,7.285,0.003719459692357271,0.9831159809265401,0.006633888741714333
joint,,7.285,0.004065298280985558,,
SiC_10deg,10.0,7.29,0.004334012328982454,0.8460379169319437,0.023406909153342453
SiC_15deg,15.0,7.29,0.003630462752993538,0.9877729244740133,0.005786864638443356
joint,,7.29,0.003982237540987996,,
SiC_10deg,10.0,7.295,0.004255291083064891,0.8515826449444565,0.02240027917411877
SiC_15deg,15.0,7.295,0.0035410311734884624,0.9923760570526214,0.004949552308469052
joint,,7.295,0.003898161128276677,,
SiC_10deg,10.0,7.3,0.004174990404124923,0.8571435616882238,0.02139072317227536
SiC_15deg,15.0,7.3,0.003451292585123374,0.996920273847051,0.004122884002665611
joint,,7.3,0.0038131414946241484,,
SiC_10deg,10.0,7.305,0.004093130705676412,0.862714939110261,0.02037928314397275
SiC_15deg,15.0,7.305,0.0033613881030861562,1.001400436464336,0.0033077979820046455
joint,,7.305,0.003727259404381284,,
SiC_10deg,10.0,7.31,0.004009735791859671,0.8682908920979859,0.019367029380335188
SiC_15deg,15.0,7.31,0.0032714738862475523,1.0058113758107923,0.002505237960713169
joint,,7.31,0.0036406048390536117,,
SiC_10deg,10.0,7.315,0.003924833133770928,0.8738653828272358,0.01835505965504164
SiC_15deg,15.0,7.315,0.0031817228849867663,1.0101478956932513,0.001716152418530792
joint,,7.315,0.0035532780093788475,,
SiC_10deg,10.0,7.32,0.0038384541778460173,0.8794322260053625,0.01734449825004064
SiC_15deg,15.0,7.32,0.00309232678835213,1.0144047771975635,0.0009414937726744399
joint,,7.32,0.0034653904830990734,,
SiC_10deg,10.0,7.325,0.0037506346926019815,0.8849850950313929,0.016336494815574004
SiC_15deg,15.0,7.325,0.0030034981757392862,1.018576783887695,0.0001822174018688283
joint,,7.325,0.003377066434170634,,
SiC_10deg,10.0,7.33,0.003661415161536172,0.8905175290864028,0.01533222306230314
SiC_15deg,15.0,7.33,0.0029154728679758966,1.022658667858205,-0.0005607194832921159
joint,,7.33,0.0032884440147560342,,
SiC_10deg,10.0,7.335,0.0035708412318458,0.8960229411579959,0.014332879285014699
SiC_15deg,15.0,7.335,0.002828512456455291,1.0266451766616773,-0.0012863591273562236
joint,,7.335,0.0031996768441505457,,
SiC_10deg,10.0,7.34,0.003478964230958681,0.9014946269932373,0.013339680719112762
SiC_15deg,15.0,7.34,0.002742906964512235,1.0305310611208067,-0.001993744675951453
joint,,7.34,0.003110935597735458,,
SiC_10deg,10.0,7.345,0.003385841765780114,0.9069257749646865,0.012353863732867315
SiC_15deg,15.0,7.345,0.0026589775598570937,1.0343110840225915,-0.0026819217799901873
joint,,7.345,0.003022409662818604,,
SiC_10deg,10.0,7.35,0.0032915384232175375,0.9123094768244726,0.011376681860146759
SiC_15deg,15.0,7.35,0.00257707918755903,1.0379800296795998,-0.0033499403552205986
joint,,7.35,0.002934308805388284,,
SiC_10deg,10.0,7.355,0.003196126595142652,0.9176387393118731,0.010409403680079227
SiC_15deg,15.0,7.355,0.0024976029269345697,1.0415327143306874,-0.0039968564919309335
joint,,7.355,0.0028468647610386108,,
SiC_10deg,10.0,7.36,0.003099687456742472,0.9229064965706523,0.009453310551753108
SiC_15deg,15.0,7.36,0.002420977790996034,1.0449639973411624,-0.004621734507374742
joint,,7.36,0.002760332623869253,,
SiC_10deg,10.0,7.365,0.0030023121345124962,0.9281056233238432,0.008509694213615276
SiC_15deg,15.0,7.365,0.002347671584820113,1.048268793150308,-0.00522364913130588
joint,,7.365,0.0026749918596663045,,
SiC_10deg,10.0,7.37,0.002904103109352834,0.933228948745631,0.007579854258674329
SiC_15deg,15.0,7.37,0.0022781903255547978,1.051442083902622,-0.00580168781292606
joint,,7.37,0.002591146717453816,,
SiC_10deg,10.0,7.375,0.002805175911819629,0.9382692709629938,0.006665095497874113
SiC_15deg,15.0,7.375,0.002213075616680879,1.054478932688366,-0.006354953135610436
joint,,7.375,0.0025091257642502543,,
SiC_10deg,10.0,7.38,0.0027056611811275585,0.943219372113629,0.005766725225104297
SiC_15deg,15.0,7.38,0.002152899289775788,1.0573744973091361,-0.006882565323998391
joint,,7.38,0.002429280235451673,,
SiC_10deg,10.0,7.385,0.0026057071776230075,0.9480720338818043,0.004886050398186903
SiC_15deg,15.0,7.385,0.0020982546201920816,1.060124044475423,-0.0073836648264660465
joint,,7.385,0.002351980898907545,,
SiC_10deg,10.0,7.39,0.0025054828607779375,0.9528200534301141,0.004024374750824428
SiC_15deg,15.0,7.39,0.0020497435431445638,1.062722964335671,-0.007857414954664937
joint,,7.39,0.0022776132019612506,,
SiC_10deg,10.0,7.395,0.0024051816717544756,0.9574562596428222,0.0031829958508968748
SiC_15deg,15.0,7.395,0.00200795960020533,1.0651667852303153,-0.00830300456073138
joint,,7.395,0.002206570635979903,,
SiC_10deg,10.0,7.4,0.002305026191230473,0.961973529595624,0.0023632021206269616
SiC_15deg,15.0,7.4,0.001973466869505681,1.0674511885598197,-0.008719650731988715
joint,,7.4,0.0021392465303680767,,
SiC_10deg,10.0,7.405,0.0022052738782912546,0.9663648051672323,0.0015662698340109527
SiC_15deg,15.0,7.405,0.0019467758595160894,1.0695720236529223,-0.009106601482470722
joint,,7.405,0.002076024868903672,,
SiC_10deg,10.0,7.41,0.0021062241312717676,0.9706231097102743,0.0007934601065098801
SiC_15deg,15.0,7.41,0.0019283181743659976,1.0715253225202663,-0.009463138420433365
joint,,7.41,0.0020172711528188827,,
SiC_10deg,10.0,7.415,0.0020082269384584604,0.9747415647024068,4.6015891354417304e-05
SiC_15deg,15.0,7.415,0.0019184224913575958,1.073307314379267,-0.009788579371165812
joint,,7.415,0.001963324714908028,,
SiC_10deg,10.0,7.42,0.0019116933892505902,0.9787134063033999,-0.0006748410040872954
SiC_15deg,15.0,7.42,0.0019172947737205878,1.0749144398385917,-0.010082280934894577
joint,,7.42,0.001914494081485589,,
SiC_10deg,10.0,7.425,0.0018171082640637513,0.9825320017499537,-0.0013679128695450182
SiC_15deg,15.0,7.425,0.001925005452332347,1.0763433646348524,-0.010343640960364942
joint,,7.425,0.0018710568581980491,,
SiC_10deg,10.0,7.43,0.0017250447595680242,0.9861908655271099,-0.002032028999664426
SiC_15deg,15.0,7.43,0.001941485476287569,1.0775909928200105,-0.010572100915778315
joint,,7.43,0.0018332651179277966,,
SiC_10deg,10.0,7.435,0.001636181044560577,0.9896836752631295,-0.002666048548865374
SiC_15deg,15.0,7.435,0.001966531803247889,1.0786544793054567,-0.010767148140142874
joint,,7.435,0.001801356423904233,,
SiC_10deg,10.0,7.44,0.0015513176437145302,0.9930042873033652,-0.0032688633252932198
SiC_15deg,15.0,7.44,0.001999821419979167,1.0795312416776122,-0.01092831795973015
joint,,7.44,0.0017755695318468485,,
SiC_10deg,10.0,7.445,0.0014713934311891687,0.9961467519277474,-0.003839400517591768
SiC_15deg,15.0,7.445,0.0020409317566754486,1.0802189712099763,-0.011055195656180933
joint,,7.445,0.0017561625939323086,,
SiC_10deg,10.0,7.45,0.001397496111757876,0.9991053281858032,-0.00437662534993663
SiC_15deg,15.0,7.45,0.0020893646853079747,1.0807156430076796,-0.01114741827484822
joint,,7.45,0.0017434303985329252,,
SiC_10deg,10.0,7.455,0.001330860472711625,1.0018744983322312,-0.004879543662443198
SiC_15deg,15.0,7.455,0.0021445712593717065,1.0810195252324444,-0.011204676264131658
joint,,7.455,0.0017377158660416658,,
SiC_10deg,10.0,7.46,0.0012728449211134591,1.0044489818548983,-0.00534720441569056
SiC_15deg,15.0,7.46,0.00220597483825762,1.0811291873682851,-0.011226714938834176
joint,,7.46,0.0017394098796855396,,
SiC_10deg,10.0,7.465,0.001224875413960702,1.006823749095157,-0.005778702119581203
SiC_15deg,15.0,7.465,0.0022729910052191,1.081043507500846,-0.011213335762868565
joint,,7.465,0.001748933209589901,,
SiC_10deg,10.0,7.47,0.0011883486678318153,1.0089940344675845,-0.006173179188081829
SiC_15deg,15.0,7.47,0.0023450434905182907,1.0807616785958647,-0.011164397448941099
joint,,7.47,0.0017666960791750531,,
SiC_10deg,10.0,7.475,0.0011644966393560931,1.0109553492921675,-0.00652982822248474
SiC_15deg,15.0,7.475,0.002421575980369607,1.0802832137744167,-0.011079816875060794
joint,,7.475,0.0017930363098628502,,
SiC_10deg,10.0,7.48,0.0011542319181212489,1.0127034942565063,-0.006847894226669093
SiC_15deg,15.0,7.48,0.0025020601518426972,1.0796079505941982,-0.010959569819839032
joint,,7.48,0.0018281460349819732,,
SiC_10deg,10.0,7.485,0.0011580120048156378,1.0142345715284753,-0.0071266767583771096
SiC_15deg,15.0,7.485,0.002586000524300363,1.0787360543567286,-0.010803691520479775
joint,,7.485,0.0018720062645580004,,
SiC_10deg,10.0,7.49,0.0011757660677246316,1.0155449965409389,-0.007365532020741888
SiC_15deg,15.0,7.49,0.0026729368023259343,1.077668020469913,-0.010612277059102587
joint,,7.49,0.001924351435025283,,
SiC_10deg,10.0,7.495,0.0012069108896028257,1.0166315094692704,-0.007563874898159573
SiC_15deg,15.0,7.495,0.002762444359419953,1.076404675903515,-0.010385481584515188
joint,,7.495,0.0019846776245113894,,
SiC_10deg,10.0,7.5,0.0012504495836799022,1.0174911864197653,-0.007721180940124861
SiC_15deg,15.0,7.5,0.0028541334263575014,1.0749471797816936,-0.010123520377750689
joint,,7.5,0.0020522915050187017,,
SiC_10deg,10.0,7.505,0.0013051176780750566,1.0181214503422877,-0.007836988295790936
SiC_15deg,15.0,7.505,0.0029476474400401786,1.073297023161638,-0.009826668770571145
joint,,7.505,0.0021263825590576175,,
SiC_10deg,10.0,7.51,0.0013695329368916557,1.01852008167393,-0.007910899600828997
SiC_15deg,15.0,7.51,0.0030426609011563127,1.071456028050435,-0.009495261926694615
joint,,7.51,0.0022060969190239844,,
SiC_10deg,10.0,7.515,0.001442317163751615,1.0186852287120947,-0.00794258381664284
SiC_15deg,15.0,7.515,0.003138876994123761,1.0694263457135231,-0.009129694495721707
joint,,7.515,0.002290597078937688,,
SiC_10deg,10.0,7.52,0.0015221774705945635,1.0186154177054068,-0.007931778020177638
SiC_15deg,15.0,7.52,0.0032360251452666433,1.067210454327467,-0.008730420149612672
joint,,7.52,0.0023791013079306035,,
SiC_10deg,10.0,7.525,0.0016079495693265842,1.0183095626395133,-0.00787828914049668
SiC_15deg,15.0,7.525,0.0033338586351842636,1.0648111560273834,-0.008297951011121935
joint,,7.525,0.002470904102255424,,
SiC_10deg,10.0,7.53,0.0016986127189391224,1.0177669746823714,-0.007781995636032213
SiC_15deg,15.0,7.53,0.0034321523368130236,1.062231573395194,-0.00783285698282915
joint,,7.53,0.002565382527876073,,
SiC_10deg,10.0,7.535,0.0017932868313292219,1.0169873712403834,-0.007642849104002203
SiC_15deg,15.0,7.535,0.0035307006189569732,1.0594751454292202,-0.00733576498436303
joint,,7.535,0.0026619937251430976,,
SiC_10deg,10.0,7.54,0.0018912201285015298,1.0159708845631221,-0.007460875810999551
SiC_15deg,15.0,7.54,0.0036293154332296945,1.0565456230285968,-0.0068073581041211695
joint,,7.54,0.002760267780865612,,
SiC_10deg,10.0,7.545,0.0019917729847975,1.0147180698207905,-0.007236178131276166
SiC_15deg,15.0,7.545,0.0037278245879052915,1.0534470640178006,-0.006248374670285828
joint,,7.545,0.0028597987863513957,,
SiC_10deg,10.0,7.55,0.0020944012667428605,1.013229912565334,-0.006968935876824095
SiC_15deg,15.0,7.55,0.0038260702030695455,1.0501838277275986,-0.005659607244282133
joint,,7.55,0.002960235734906203,,
SiC_10deg,10.0,7.555,0.0021986408713383743,1.0115078354738432,-0.006659407501101305
SiC_15deg,15.0,7.555,0.003923907336105605,1.046760569139127,-0.005041901538064719
joint,,7.555,0.0030612741037219894,,
SiC_10deg,10.0,7.56,0.0023040941726592355,1.0095537042618028,-0.006307931156215807
SiC_15deg,15.0,7.56,0.004021202763751413,1.0431822325880302,-0.0043961552548181515
joint,,7.56,0.003162648468205324,,
SiC_10deg,10.0,7.565,0.0024104185352149406,1.0073698326444862,-0.005914925581667813
SiC_15deg,15.0,7.565,0.004117833905863056,1.0394540450158607,-0.0037233168508682968
joint,,7.565,0.0032641262205389985,,
SiC_10deg,10.0,7.57,0.0025173167774980576,1.0049589862175272,-0.005480890801400656
SiC_15deg,15.0,7.57,0.004213687875995972,1.035581508746674,-0.0030243842148921507
joint,,7.57,0.0033655023267470147,,
SiC_10deg,10.0,7.575,0.0026245293537906257,1.0023243851229793,-0.005006408605016888
SiC_15deg,15.0,7.575,0.004308660644547419,1.0315703937582172,-0.0023004032589397927
joint,,7.575,0.003466594999169022,,
SiC_10deg,10.0,7.58,0.002731827992339469,0.999469705365196,-0.004492142788618314
SiC_15deg,15.0,7.58,0.004402656301199247,1.0274267294096604,-0.0015524664144017652
joint,,7.58,0.003567242146769358,,
SiC_10deg,10.0,7.585,0.0028390105397049117,0.9963990786418477,-0.003938839130868399
SiC_15deg,15.0,7.585,0.0044955864045690885,1.0231567955817258,-0.0007817110249189185
joint,,7.585,0.003667298472137,,
SiC_10deg,10.0,7.59,0.002945896790185701,0.9931170905596145,-0.0033473250805957366
SiC_15deg,15.0,7.59,0.00458736940819577,1.0187671131805474,1.0682372613562974e-05
joint,,7.59,0.0037666330991907356,,
SiC_10deg,10.0,7.595,0.0030523251131059385,0.9896287771115656,-0.0027185091335715506
SiC_15deg,15.0,7.595,0.004677930153176313,1.0142644339539622,0.0008234918883091025
joint,,7.595,0.003865127633141126,,
SiC_10deg,10.0,7.6,0.0031581497233632004,0.9859396193039417,-0.0020533798779909795
SiC_15deg,15.0,7.6,0.004767199418892455,1.0096557295682131,0.00165545625033503
joint,,7.6,0.0039626745711278276,,
SiC_10deg,10.0,7.605,0.0032632384694659387,0.9820555358340526,-0.00135300469068253
SiC_15deg,15.0,7.605,0.00485511352429199,1.004948179894467,0.002505276916031446
joint,,7.605,0.004059175996878965,,
SiC_10deg,10.0,7.61,0.0033674710376293427,0.9779828737379439,-0.0006185280690989003
SiC_15deg,15.0,7.61,0.004941613973114728,1.0001491604581287,0.0033716203317704085
joint,,7.61,0.004154542505372035,,
SiC_10deg,10.0,7.615,0.0034707374905054394,0.9737283969462543,0.00014883041231289473
SiC_15deg,15.0,7.615,0.005026647137275417,0.9952662290095938,0.004253120349224843
joint,,7.615,0.0042486923138904285,,
SiC_10deg,10.0,7.62,0.00357293707530113,0.9692992727089056,0.0009477785287743401
SiC_15deg,15.0,7.62,0.0051101639733395635,0.9903071111829258,0.00514838080431862
joint,,7.62,0.004341550524320347,,
SiC_10deg,10.0,7.625,0.003673977248995177,0.9647030558734809,0.0017769542179294495
SiC_15deg,15.0,7.625,0.005192119767662838,0.9852796852186161,0.00605597826339932
joint,,7.625,0.0044330485083290076,,
SiC_10deg,10.0,7.63,0.003773772878685504,0.9599476710279872,0.0026349287770942587
SiC_15deg,15.0,7.63,0.00527247390631778,0.9801919657381181,0.006974464939103753
joint,,7.63,0.004523123392501642,,
SiC_10deg,10.0,7.635,0.003872245583299413,0.9550413925455056,0.003520210438573257
SiC_15deg,15.0,7.635,0.005351189666413495,0.9750520865708383,0.007902371776051853
joint,,7.635,0.004611717624856454,,
SiC_10deg,10.0,7.64,0.003969323189414447,0.9499928225956127,0.004431248311674241
SiC_15deg,15.0,7.64,0.005428234025833666,0.9698682826485515,0.008838211703926374
joint,,7.64,0.004698778607624056,,
SiC_10deg,10.0,7.645,0.004064939279121025,0.9448108672146356,0.005366436675142139
SiC_15deg,15.0,7.645,0.00550357748878467,0.9646488709973479,0.009780483052766908
joint,,7.645,0.004784258383952847,,
SiC_10deg,10.0,7.65,0.004159032811992871,0.9395047105533673,0.00632411959892909
SiC_15deg,15.0,7.65,0.005577193924865984,0.9594022308729718,0.01072767312245601
joint,,7.65,0.004868113368429428,,
SiC_10deg,10.0,7.655,0.004251547806542301,0.9340837874461542,0.007302595869640577
SiC_15deg,15.0,7.655,0.00564906041965703,0.9541367831013425,0.01167826189549448
joint,,7.655,0.004950304113099666,,
SiC_10deg,10.0,7.66,0.004342433069202082,0.9285577544686857,0.008300124189751623
SiC_15deg,15.0,7.66,0.005719157135064056,0.9488609687017306,0.012630725879319266
joint,,7.66,0.005030795102133069,,
SiC_10deg,10.0,7.665,0.004431641961030281,0.9229364596730261,0.00931492861683686
SiC_15deg,15.0,7.665,0.005787467177892058,0.9435832268852719,0.01358354206165871
joint,,7.665,0.00510955456946117,,
SiC_10deg,10.0,7.67,0.004519132194089845,0.9172299112067588,0.010345204205724018
SiC_15deg,15.0,7.67,0.005853976475305709,0.9383119725356581,0.014535191959844762
joint,,7.67,0.005186554334697778,,
SiC_10deg,10.0,7.675,0.0046048656508918566,0.9114482450384132,0.011389122813689562
SiC_15deg,15.0,7.675,0.0059186736560222315,0.9330555732917964,0.015484165742645967
joint,,7.675,0.005261769653457044,,
SiC_10deg,10.0,7.68,0.004688808221477893,0.905601692023143,0.012444839026653137
SiC_15deg,15.0,7.68,0.005981549936241176,0.9278223263635605,0.01642896640111402
joint,,7.68,0.005335179078859534,,
SiC_10deg,10.0,7.685,0.004770929653702376,0.8997005445508262,0.013510496162816021
SiC_15deg,15.0,7.685,0.006042599009464473,0.9226204352212052,0.01736811394320864
joint,,7.685,0.0054067643315834244,,
SiC_10deg,10.0,7.69,0.004851203413100097,0.8937551230231989,0.014584232309350159
SiC_15deg,15.0,7.69,0.006101816939494785,0.9174579863064417,0.018300149585597225
joint,,7.69,0.005476510176297441,,
SiC_10deg,10.0,7.695,0.004929606549417895,0.8877757424072893,0.015664186347591424
SiC_15deg,15.0,7.695,0.0061592020560243006,0.9123429259183143,0.019223639915071006
joint,,7.695,0.0055444043027210975,,
SiC_10deg,10.0,7.7,0.005006119567476746,0.8817726791093482,0.016748503922710906
SiC_15deg,15.0,7.7,0.006214754852339509,0.907283037429821,0.02013718099148598
joint,,7.7,0.005610437209908128,,
