stage,candidate_id,epi_nu_p_scale,sub_nu_p_scale,epi_gamma_scale,sub_gamma_scale,epi_gamma_l_scale,epi_gamma_t_scale,sub_gamma_l_scale,sub_gamma_t_scale,dataset,angle_deg,best_thickness_um,best_rmse
baseline,0,1.0,1.0,1.0,1.0,1.0,1.0,1.0,1.0,SiC_10deg,10.0,7.47,0.0011762870749310954
baseline,0,1.0,1.0,1.0,1.0,1.0,1.0,1.0,1.0,SiC_15deg,15.0,7.41,0.0019749489866142233
plasma,0,0.5,0.5,1.0,1.0,1.0,1.0,1.0,1.0,SiC_10deg,10.0,7.54,0.00253449953152238
plasma,0,0.5,0.5,1.0,1.0,1.0,1.0,1.0,1.0,SiC_15deg,15.0,7.47,0.002806011978827827
plasma,1,0.5,1.0,1.0,1.0,1.0,1.0,1.0,1.0,SiC_10deg,10.0,7.46,0.0011846213893105218
plasma,1,0.5,1.0,1.0,1.0,1.0,1.0,1.0,1.0,SiC_15deg,15.0,7.4,0.002002749540305908
plasma,2,0.5,1.5,1.0,1.0,1.0,1.0,1.0,1.0,SiC_10deg,10.0,7.43,0.0037115000017834375
plasma,2,0.5,1.5,1.0,1.0,1.0,1.0,1.0,1.0,SiC_15deg,15.0,7.37,0.004401783375786996
plasma,3,0.5,2.0,1.0,1.0,1.0,1.0,1.0,1.0,SiC_10deg,10.0,7.41,0.005971976571338424
plasma,3,0.5,2.0,1.0,1.0,1.0,1.0,1.0,1.0,SiC_15deg,15.0,7.35,0.0066095797683178
plasma,4,1.0,0.5,1.0,1.0,1.0,1.0,1.0,1.0,SiC_10deg,10.0,7.55,0.0026076161399883674
plasma,4,1.0,0.5,1.0,1.0,1.0,1.0,1.0,1.0,SiC_15deg,15.0,7.4799999999999995,0.0028710823482636463
plasma,5,1.0,1.0,1.0,1.0,1.0,1.0,1.0,1.0,SiC_10deg,10.0,7.47,0.0011762870749310954
plasma,5,1.0,1.0,1.0,1.0,1.0,1.0,1.0,1.0,SiC_15deg,15.0,7.41,0.0019749489866142233
plasma,6,1.0,1.5,1.0,1.0,1.0,1.0,1.0,1.0,SiC_10deg,10.0,7.4399999999999995,0.003611387403224555
plasma,6,1.0,1.5,1.0,1.0,1.0,1.0,1.0,1.0,SiC_15deg,15.0,7.37,0.0043051915693509
plasma,7,1.0,2.0,1.0,1.0,1.0,1.0,1.0,1.0,SiC_10deg,10.0,7.42,0.005908565041184268
plasma,7,1.0,2.0,1.0,1.0,1.0,1.0,1.0,1.0,SiC_15deg,15.0,7.35,0.006545090285910717
plasma,8,1.5,0.5,1.0,1.0,1.0,1.0,1.0,1.0,SiC_10deg,10.0,7.57,0.0027208126424876334
plasma,8,1.5,0.5,1.0,1.0,1.0,1.0,1.0,1.0,SiC_15deg,15.0,7.5,0.0029722469001781135
plasma,9,1.5,1.0,1.0,1.0,1.0,1.0,1.0,1.0,SiC_10deg,10.0,7.4799999999999995,0.001205576129409383
plasma,9,1.5,1.0,1.0,1.0,1.0,1.0,1.0,1.0,SiC_15deg,15.0,7.42,0.0019493483313905904
plasma,10,1.5,1.5,1.0,1.0,1.0,1.0,1.0,1.0,SiC_10deg,10.0,7.4399999999999995,0.003450336327968596
plasma,10,1.5,1.5,1.0,1.0,1.0,1.0,1.0,1.0,SiC_15deg,15.0,7.38,0.004142187072968039
plasma,11,1.5,2.0,1.0,1.0,1.0,1.0,1.0,1.0,SiC_10deg,10.0,7.42,0.005802190878953506
plasma,11,1.5,2.0,1.0,1.0,1.0,1.0,1.0,1.0,SiC_15deg,15.0,7.36,0.006434543739855783
plasma,12,2.0,0.5,1.0,1.0,1.0,1.0,1.0,1.0,SiC_10deg,10.0,7.6,0.002857156014570602
plasma,12,2.0,0.5,1.0,1.0,1.0,1.0,1.0,1.0,SiC_15deg,15.0,7.53,0.0030972545942352806
plasma,13,2.0,1.0,1.0,1.0,1.0,1.0,1.0,1.0,SiC_10deg,10.0,7.49,0.0013067346535411964
plasma,13,2.0,1.0,1.0,1.0,1.0,1.0,1.0,1.0,SiC_15deg,15.0,7.43,0.001954092942305651
plasma,14,2.0,1.5,1.0,1.0,1.0,1.0,1.0,1.0,SiC_10deg,10.0,7.46,0.0032299196713136964
plasma,14,2.0,1.5,1.0,1.0,1.0,1.0,1.0,1.0,SiC_15deg,15.0,7.39,0.003923996918263313
plasma,15,2.0,2.0,1.0,1.0,1.0,1.0,1.0,1.0,SiC_10deg,10.0,7.43,0.0056540252678052814
plasma,15,2.0,2.0,1.0,1.0,1.0,1.0,1.0,1.0,SiC_15deg,15.0,7.37,0.006282383306777613
drude_gamma,0,1.5,1.0,0.5,0.5,1.0,1.0,1.0,1.0,SiC_10deg,10.0,7.46,0.0011893706643101962
drude_gamma,0,1.5,1.0,0.5,0.5,1.0,1.0,1.0,1.0,SiC_15deg,15.0,7.4,0.0019327148326073367
drude_gamma,1,1.5,1.0,0.5,1.0,1.0,1.0,1.0,1.0,SiC_10deg,10.0,7.4799999999999995,0.0012068313424204915
drude_gamma,1,1.5,1.0,0.5,1.0,1.0,1.0,1.0,1.0,SiC_15deg,15.0,7.42,0.0019512980355690765
drude_gamma,2,1.5,1.0,0.5,1.5,1.0,1.0,1.0,1.0,SiC_10deg,10.0,7.49,0.0012474821453577092
drude_gamma,2,1.5,1.0,0.5,1.5,1.0,1.0,1.0,1.0,SiC_15deg,15.0,7.43,0.001964582973132408
drude_gamma,3,1.5,1.0,0.5,2.0,1.0,1.0,1.0,1.0,SiC_10deg,10.0,7.51,0.001300442830201572
drude_gamma,3,1.5,1.0,0.5,2.0,1.0,1.0,1.0,1.0,SiC_15deg,15.0,7.4399999999999995,0.001981975002501731
drude_gamma,4,1.5,1.0,1.0,0.5,1.0,1.0,1.0,1.0,SiC_10deg,10.0,7.46,0.001188337708224096
drude_gamma,4,1.5,1.0,1.0,0.5,1.0,1.0,1.0,1.0,SiC_15deg,15.0,7.4,0.0019309758858051698
drude_gamma,5,1.5,1.0,1.0,1.0,1.0,1.0,1.0,1.0,SiC_10deg,10.0,7.4799999999999995,0.001205576129409383
drude_gamma,5,1.5,1.0,1.0,1.0,1.0,1.0,1.0,1.0,SiC_15deg,15.0,7.42,0.0019493483313905904
drude_gamma,6,1.5,1.0,1.0,1.5,1.0,1.0,1.0,1.0,SiC_10deg,10.0,7.49,0.0012456612373328811
drude_gamma,6,1.5,1.0,1.0,1.5,1.0,1.0,1.0,1.0,SiC_15deg,15.0,7.43,0.001962236018996614
drude_gamma,7,1.5,1.0,1.0,2.0,1.0,1.0,1.0,1.0,SiC_10deg,10.0,7.51,0.0012992069992704483
drude_gamma,7,1.5,1.0,1.0,2.0,1.0,1.0,1.0,1.0,SiC_15deg,15.0,7.4399999999999995,0.0019795341752877915
drude_gamma,8,1.5,1.0,1.5,0.5,1.0,1.0,1.0,1.0,SiC_10deg,10.0,7.46,0.0011873193285425305
drude_gamma,8,1.5,1.0,1.5,0.5,1.0,1.0,1.0,1.0,SiC_15deg,15.0,7.4,0.0019292874203977952
drude_gamma,9,1.5,1.0,1.5,1.0,1.0,1.0,1.0,1.0,SiC_10deg,10.0,7.4799999999999995,0.0012043382587113528
drude_gamma,9,1.5,1.0,1.5,1.0,1.0,1.0,1.0,1.0,SiC_15deg,15.0,7.41,0.0019471413423444452
drude_gamma,10,1.5,1.0,1.5,1.5,1.0,1.0,1.0,1.0,SiC_10deg,10.0,7.49,0.0012438178756065696
drude_gamma,10,1.5,1.0,1.5,1.5,1.0,1.0,1.0,1.0,SiC_15deg,15.0,7.43,0.0019599171604426993
drude_gamma,11,1.5,1.0,1.5,2.0,1.0,1.0,1.0,1.0,SiC_10deg,10.0,7.5,0.0012973704053227694
drude_gamma,11,1.5,1.0,1.5,2.0,1.0,1.0,1.0,1.0,SiC_15deg,15.0,7.4399999999999995,0.0019770948024375695
drude_gamma,12,1.5,1.0,2.0,0.5,1.0,1.0,1.0,1.0,SiC_10deg,10.0,7.46,0.0011863190805454726
drude_gamma,12,1.5,1.0,2.0,0.5,1.0,1.0,1.0,1.0,SiC_15deg,15.0,7.4,0.0019276533890580669
drude_gamma,13,1.5,1.0,2.0,1.0,1.0,1.0,1.0,1.0,SiC_10deg,10.0,7.4799999999999995,0.001203122171090623
drude_gamma,13,1.5,1.0,2.0,1.0,1.0,1.0,1.0,1.0,SiC_15deg,15.0,7.41,0.0019447681294655068
drude_gamma,14,1.5,1.0,2.0,1.5,1.0,1.0,1.0,1.0,SiC_10deg,10.0,7.49,0.0012419578293552196
drude_gamma,14,1.5,1.0,2.0,1.5,1.0,1.0,1.0,1.0,SiC_15deg,15.0,7.43,0.0019576319463115474
drude_gamma,15,1.5,1.0,2.0,2.0,1.0,1.0,1.0,1.0,SiC_10deg,10.0,7.5,0.0012953378418410519
drude_gamma,15,1.5,1.0,2.0,2.0,1.0,1.0,1.0,1.0,SiC_15deg,15.0,7.4399999999999995,0.0019746627844059394
phonon_layer,0,1.5,1.0,2.0,0.5,0.5,0.5,0.5,0.5,SiC_10deg,10.0,7.4399999999999995,0.0012214113865161981
phonon_layer,0,1.5,1.0,2.0,0.5,0.5,0.5,0.5,0.5,SiC_15deg,15.0,7.38,0.0019355605668283764
phonon_layer,1,1.5,1.0,2.0,0.5,0.5,0.5,1.0,1.0,SiC_10deg,10.0,7.47,0.0011806684371202909
phonon_layer,1,1.5,1.0,2.0,0.5,0.5,0.5,1.0,1.0,SiC_15deg,15.0,7.4,0.001942760173301085
phonon_layer,2,1.5,1.0,2.0,0.5,0.5,0.5,1.5,1.5,SiC_10deg,10.0,7.49,0.0011782430812686921
phonon_layer,2,1.5,1.0,2.0,0.5,0.5,0.5,1.5,1.5,SiC_15deg,15.0,7.42,0.0019933569903668076
phonon_layer,3,1.5,1.0,2.0,0.5,0.5,0.5,2.0,2.0,SiC_10deg,10.0,7.51,0.001279447973602731
phonon_layer,3,1.5,1.0,2.0,0.5,0.5,0.5,2.0,2.0,SiC_15deg,15.0,7.4399999999999995,0.0021048917465289357
phonon_layer,4,1.5,1.0,2.0,0.5,1.0,1.0,0.5,0.5,SiC_10deg,10.0,7.4399999999999995,0.0012416164870736861
phonon_layer,4,1.5,1.0,2.0,0.5,1.0,1.0,0.5,0.5,SiC_15deg,15.0,7.37,0.00193383738911323
phonon_layer,5,1.5,1.0,2.0,0.5,1.0,1.0,1.0,1.0,SiC_10deg,10.0,7.46,0.0011863190805454726
phonon_layer,5,1.5,1.0,2.0,0.5,1.0,1.0,1.0,1.0,SiC_15deg,15.0,7.4,0.0019276533890580669
phonon_layer,6,1.5,1.0,2.0,0.5,1.0,1.0,1.5,1.5,SiC_10deg,10.0,7.49,0.0011649446566535332
phonon_layer,6,1.5,1.0,2.0,0.5,1.0,1.0,1.5,1.5,SiC_15deg,15.0,7.42,0.001959969141107251
phonon_layer,7,1.5,1.0,2.0,0.5,1.0,1.0,2.0,2.0,SiC_10deg,10.0,7.5,0.0012286099357977517
phonon_layer,7,1.5,1.0,2.0,0.5,1.0,1.0,2.0,2.0,SiC_15deg,15.0,7.4399999999999995,0.002052853770389828
phonon_layer,8,1.5,1.0,2.0,0.5,1.5,1.5,0.5,0.5,SiC_10deg,10.0,7.43,0.0012651287580655569
phonon_layer,8,1.5,1.0,2.0,0.5,1.5,1.5,0.5,0.5,SiC_15deg,15.0,7.37,0.0019312945903145814
phonon_layer,9,1.5,1.0,2.0,0.5,1.5,1.5,1.0,1.0,SiC_10deg,10.0,7.46,0.001197664227778179
phonon_layer,9,1.5,1.0,2.0,0.5,1.5,1.5,1.0,1.0,SiC_15deg,15.0,7.4,0.0019201836410799398
phonon_layer,10,1.5,1.0,2.0,0.5,1.5,1.5,1.5,1.5,SiC_10deg,10.0,7.4799999999999995,0.0011552998244771637
phonon_layer,10,1.5,1.0,2.0,0.5,1.5,1.5,1.5,1.5,SiC_15deg,15.0,7.42,0.0019346318237366792
phonon_layer,11,1.5,1.0,2.0,0.5,1.5,1.5,2.0,2.0,SiC_10deg,10.0,7.5,0.0011866147722884486
phonon_layer,11,1.5,1.0,2.0,0.5,1.5,1.5,2.0,2.0,SiC_15deg,15.0,7.4399999999999995,0.002008466255665751
phonon_layer,12,1.5,1.0,2.0,0.5,2.0,2.0,0.5,0.5,SiC_10deg,10.0,7.43,0.0012871267699857687
phonon_layer,12,1.5,1.0,2.0,0.5,2.0,2.0,0.5,0.5,SiC_15deg,15.0,7.37,0.001935126980257859
phonon_layer,13,1.5,1.0,2.0,0.5,2.0,2.0,1.0,1.0,SiC_10deg,10.0,7.46,0.0012190877280208894
phonon_layer,13,1.5,1.0,2.0,0.5,2.0,2.0,1.0,1.0,SiC_15deg,15.0,7.39,0.001919972814549019
phonon_layer,14,1.5,1.0,2.0,0.5,2.0,2.0,1.5,1.5,SiC_10deg,10.0,7.4799999999999995,0.0011542319181212495
phonon_layer,14,1.5,1.0,2.0,0.5,2.0,2.0,1.5,1.5,SiC_15deg,15.0,7.42,0.001917294773720588
phonon_layer,15,1.5,1.0,2.0,0.5,2.0,2.0,2.0,2.0,SiC_10deg,10.0,7.5,0.0011569049830246602
phonon_layer,15,1.5,1.0,2.0,0.5,2.0,2.0,2.0,2.0,SiC_15deg,15.0,7.4399999999999995,0.001971946264526698
