dataset,material,angle_deg,kind,window,min_spacing_cm,region_min_cm,region_max_cm,n_extrema,interval_mean_um,interval_std_um,interval_count,fod_d_um,fod_r2,fod_rss
SiC_10deg,SiC,10.0,peak,61,200.0,1000.0,4000.0,12,7.732790041958513,0.6937493382254081,11,7.695208487979655,0.999599895584432,0.05721493142623014
SiC_10deg,SiC,10.0,trough,61,200.0,1000.0,4000.0,12,7.398218367549235,0.9661874217256081,11,7.401796776334326,0.996943330650114,0.43710371703369694
SiC_10deg,SiC,10.0,peak,61,200.0,1200.0,4000.0,11,7.881419756674939,0.5351805729410116,10,7.70302711985867,0.9994948428733432,0.05556728393224997
SiC_10deg,SiC,10.0,trough,61,200.0,1200.0,4000.0,11,7.338489735678205,0.9937944169564547,10,7.468548889832496,0.9971321183365379,0.3154669829808286
SiC_10deg,SiC,10.0,peak,61,200.0,1500.0,3500.0,8,7.727715702313958,0.21298284113321225,7,7.653512564224683,0.9997816633681386,0.009170138538178227
SiC_10deg,SiC,10.0,trough,61,200.0,1500.0,3500.0,8,7.70804066432246,0.2047479317481452,7,7.647387735077787,0.9998927650451034,0.004503868105657656
SiC_10deg,SiC,10.0,peak,61,200.0,1700.0,3000.0,5,7.719621480176311,0.21020295711443301,4,7.653466732711564,0.9997447746916799,0.002552253083201476
SiC_10deg,SiC,10.0,trough,61,200.0,1700.0,3000.0,5,7.619920346776258,0.10910964017363925,4,7.588119231450927,0.9999458958148566,0.0005410418514336288
SiC_10deg,SiC,10.0,peak,61,240.0,1000.0,4000.0,11,7.443326970979783,0.8347956955066362,10,7.559683613950433,0.9984951440466376,0.16553415486985482
SiC_10deg,SiC,10.0,trough,61,240.0,1000.0,4000.0,11,6.940340495906076,1.3799795726803064,10,6.869312719280783,0.9832517882734886,1.842303289916257
SiC_10deg,SiC,10.0,peak,61,240.0,1200.0,4000.0,11,7.44458223563186,0.8311273237498534,10,7.560476176160718,0.9985181600920594,0.16300238987346674
SiC_10deg,SiC,10.0,trough,61,240.0,1200.0,4000.0,10,6.823100030311248,1.4065859692725224,9,6.998158778856085,0.9817261417717785,1.5075933038282745
SiC_10deg,SiC,10.0,peak,61,240.0,1500.0,3500.0,8,7.727715702313958,0.21298284113321225,7,7.653512564224683,0.9997816633681386,0.009170138538178227
SiC_10deg,SiC,10.0,trough,61,240.0,1500.0,3500.0,7,6.996547927712732,1.3458952618452822,6,7.141067074524183,0.9839841854334452,0.4484428078635338
SiC_10deg,SiC,10.0,peak,61,240.0,1700.0,3000.0,5,7.719621480176311,0.21020295711443301,4,7.653466732711564,0.9997447746916799,0.002552253083201476
SiC_10deg,SiC,10.0,trough,61,240.0,1700.0,3000.0,5,7.619920346776258,0.10910964017363925,4,7.588119231450927,0.9999458958148566,0.0005410418514336288
SiC_10deg,SiC,10.0,peak,61,280.0,1000.0,4000.0,7,4.320431154086973,0.8822460712191493,6,3.9800545908993907,0.9948607008495083,0.14390037621376803
SiC_10deg,SiC,10.0,trough,61,280.0,1000.0,4000.0,7,3.9417308080947357,0.22556901920108308,6,3.8603085976725042,0.9992459545628933,0.021113272238986874
SiC_10deg,SiC,10.0,peak,61,280.0,1200.0,4000.0,6,3.935218805945513,0.20904171175630115,5,3.8660900740949637,0.9993922810043807,0.010635082423338405
SiC_10deg,SiC,10.0,trough,61,280.0,1200.0,4000.0,6,3.9584275720190547,0.23945745073012137,5,3.876461229660726,0.9991780780108186,0.014383634810674248
SiC_10deg,SiC,10.0,peak,61,280.0,1500.0,3500.0,4,3.8373025971411874,0.08646148730554097,3,3.8152337393844435,0.999860581065958,0.0006970946702101294
SiC_10deg,SiC,10.0,trough,61,280.0,1500.0,3500.0,4,3.8525596259670323,0.0970308912287397,3,3.826118298604252,0.9998077534441712,0.0009612327791441844
SiC_10deg,SiC,10.0,peak,61,280.0,1700.0,3000.0,3,3.8594896865885544,0.09867412206953219,2,3.836948117039825,0.9997412193818914,0.0005175612362171931
SiC_10deg,SiC,10.0,trough,61,280.0,1700.0,3000.0,3,3.8095035750703765,0.03448630261305907,2,3.802257473706869,0.9999673382370605,6.532352587884817e-05
SiC_10deg,SiC,10.0,peak,101,200.0,1000.0,4000.0,12,7.718861713079454,0.6637815344351172,11,7.676396629341142,0.9995585713098466,0.06312430269193689
SiC_10deg,SiC,10.0,trough,101,200.0,1000.0,4000.0,12,7.5243688155217265,0.6440499130485875,11,7.60454351693667,0.9994575720566345,0.07756719590125516
SiC_10deg,SiC,10.0,peak,101,200.0,1200.0,4000.0,11,7.8611833418796495,0.5117192704354584,10,7.681202794002405,0.9994318486082939,0.062496653087664306
SiC_10deg,SiC,10.0,trough,101,200.0,1200.0,4000.0,11,7.358776172240236,0.9860349207522001,10,7.4981658219651255,0.997085779883306,0.32056421283633496
SiC_10deg,SiC,10.0,peak,101,200.0,1500.0,3500.0,8,7.733402610778097,0.2715408897867101,7,7.637740088811155,0.9996902702249469,0.013008650552226612
SiC_10deg,SiC,10.0,trough,101,200.0,1500.0,3500.0,8,7.6911646672360465,0.20571805495982504,7,7.628095106228128,0.9998865702382832,0.004764049992107316
SiC_10deg,SiC,10.0,peak,101,200.0,1700.0,3000.0,5,7.69076764385771,0.22349701761020885,4,7.622226142899609,0.9997031959430862,0.002968040569137733
SiC_10deg,SiC,10.0,trough,101,200.0,1700.0,3000.0,5,7.619059021368101,0.07135661295949416,4,7.597784805147324,0.9999631029367126,0.00036897063287318456
SiC_10deg,SiC,10.0,peak,101,240.0,1000.0,4000.0,11,7.181562704950696,1.041892478133318,10,7.295709143739004,0.9939594849952911,0.6644566505179783
SiC_10deg,SiC,10.0,trough,101,240.0,1000.0,4000.0,11,7.086867347619473,1.2208337282510435,10,7.086235443763699,0.9908096429853819,1.010939271607999
SiC_10deg,SiC,10.0,peak,101,240.0,1200.0,4000.0,10,7.279997958269939,1.053214362546377,9,7.427972856417775,0.9957776029961918,0.34834775281417585
SiC_10deg,SiC,10.0,trough,101,240.0,1200.0,4000.0,10,6.8542642475397875,1.4224829139879172,9,7.026837655960572,0.98112791332959,1.5569471503088235
SiC_10deg,SiC,10.0,peak,101,240.0,1500.0,3500.0,7,7.651335385922921,0.19717587292188826,6,7.592830811893332,0.9998675918704498,0.0037074276274050018
SiC_10deg,SiC,10.0,trough,101,240.0,1500.0,3500.0,7,6.989794862684676,1.3559739195335345,6,7.123253212480938,0.9841240298570907,0.44452716400146075
SiC_10deg,SiC,10.0,peak,101,240.0,1700.0,3000.0,5,7.69076764385771,0.22349701761020885,4,7.622226142899609,0.9997031959430862,0.002968040569137733
SiC_10deg,SiC,10.0,trough,101,240.0,1700.0,3000.0,5,7.619059021368101,0.07135661295949416,4,7.597784805147324,0.9999631029367126,0.00036897063287318456
SiC_10deg,SiC,10.0,peak,101,280.0,1000.0,4000.0,7,4.321979764996848,0.9054637971860207,6,3.970006438999785,0.9945782478401092,0.15180906047694448
SiC_10deg,SiC,10.0,trough,101,280.0,1000.0,4000.0,7,4.146432535844432,0.6489127222666156,6,3.9167993800341767,0.997177059448453,0.07904233544331604
SiC_10deg,SiC,10.0,peak,101,280.0,1200.0,4000.0,6,3.9272466329807165,0.22125133344195666,5,3.8537369771853496,0.9993224107038826,0.011857812682053867
SiC_10deg,SiC,10.0,trough,101,280.0,1200.0,4000.0,6,3.961303409864486,0.25196707036949273,5,3.875441127129955,0.9991276134092146,0.01526676533874417
SiC_10deg,SiC,10.0,peak,101,280.0,1500.0,3500.0,4,3.825402335184581,0.0933262151400026,3,3.8022531592335094,0.9998452693895377,0.0007736530523115734
SiC_10deg,SiC,10.0,trough,101,280.0,1500.0,3500.0,4,3.8434594936538606,0.08670667302997684,3,3.818556731874866,0.9998155514701965,0.0009222426490173896
SiC_10deg,SiC,10.0,peak,101,280.0,1700.0,3000.0,3,3.8452302141678607,0.10901944456660173,2,3.8199900137484923,0.9996821247658194,0.0006357504683612162
SiC_10deg,SiC,10.0,trough,101,280.0,1700.0,3000.0,3,3.809507272001079,0.034482605682355505,2,3.8022619850609987,0.9999673452898853,6.530942022942781e-05
SiC_10deg,SiC,10.0,peak,151,200.0,1000.0,4000.0,12,7.749529095155665,0.614645722376346,11,7.705123462442601,0.9995500466630377,0.06434332718561077
SiC_10deg,SiC,10.0,trough,151,200.0,1000.0,4000.0,11,7.497684905378189,0.6685905746567075,10,7.5825894395719375,0.9993031381830176,0.07665479986806595
SiC_10deg,SiC,10.0,peak,151,200.0,1200.0,4000.0,11,7.880721485535792,0.47564947619956616,10,7.706708089161025,0.9994156784707465,0.06427536821787684
SiC_10deg,SiC,10.0,trough,151,200.0,1200.0,4000.0,10,7.316827698606553,1.0238408047201943,9,7.45581889685988,0.9963926865882786,0.29760335646701386
SiC_10deg,SiC,10.0,peak,151,200.0,1500.0,3500.0,8,7.777932239464599,0.3240296837160961,7,7.663448282269837,0.9995893761109269,0.017246203341071558
SiC_10deg,SiC,10.0,trough,151,200.0,1500.0,3500.0,7,7.690825352098021,0.2048612621371427,6,7.620226735080882,0.9998178128009326,0.005101241573885583
SiC_10deg,SiC,10.0,peak,151,200.0,1700.0,3000.0,5,7.719579885192606,0.26886734321060113,4,7.636979662875569,0.9995900241508902,0.004099758491098003
SiC_10deg,SiC,10.0,trough,151,200.0,1700.0,3000.0,5,7.613024886935831,0.12039344610682741,4,7.574599285674256,0.9999047397213559,0.0009526027864409965
SiC_10deg,SiC,10.0,peak,151,240.0,1000.0,4000.0,11,7.216922559717448,1.0391767764545812,10,7.321568210456021,0.9941567889840676,0.6427532117525703
SiC_10deg,SiC,10.0,trough,151,240.0,1000.0,4000.0,10,7.006815050969701,1.2607491693420696,9,6.9699189087391105,0.9897959226143418,0.841836384316805
SiC_10deg,SiC,10.0,peak,151,240.0,1200.0,4000.0,10,7.303513378424455,1.0606112722615229,9,7.449474524610046,0.9957828194863404,0.3479173923769198
SiC_10deg,SiC,10.0,trough,151,240.0,1200.0,4000.0,9,6.741991961550552,1.464748309161451,8,6.88450954476266,0.9778081878394643,1.3315087296321408
SiC_10deg,SiC,10.0,peak,151,240.0,1500.0,3500.0,7,7.677413568482193,0.22752234924257592,6,7.611026332292836,0.9998362205647618,0.00458582418666768
SiC_10deg,SiC,10.0,trough,151,240.0,1500.0,3500.0,6,6.845887703506712,1.4391158274398634,5,6.936824775773354,0.9786902721228764,0.3729202378496629
SiC_10deg,SiC,10.0,peak,151,240.0,1700.0,3000.0,5,7.719579885192606,0.26886734321060113,4,7.636979662875569,0.9995900241508902,0.004099758491098003
SiC_10deg,SiC,10.0,trough,151,240.0,1700.0,3000.0,5,7.613024886935831,0.12039344610682741,4,7.574599285674256,0.9999047397213559,0.0009526027864409965
SiC_10deg,SiC,10.0,peak,151,280.0,1000.0,4000.0,7,4.355418123995314,0.9531116300737495,6,3.984380179817886,0.9942947752087558,0.15974629415483863
SiC_10deg,SiC,10.0,trough,151,280.0,1000.0,4000.0,7,4.343509934472334,0.7008304866927204,6,4.150682738558741,0.9971444394775432,0.07995569462879148
SiC_10deg,SiC,10.0,peak,151,280.0,1200.0,4000.0,6,3.9389807105235,0.22267783729784582,5,3.8648231309504553,0.9993027072787782,0.01220262262138072
SiC_10deg,SiC,10.0,trough,151,280.0,1200.0,4000.0,6,3.961434467999962,0.25988081123429024,5,3.872083602112562,0.9990619810825515,0.016415331055349317
SiC_10deg,SiC,10.0,peak,151,280.0,1500.0,3500.0,4,3.8385127324044883,0.11042544352242253,3,3.8112433245312527,0.9997919084008878,0.001040457995560727
SiC_10deg,SiC,10.0,trough,151,280.0,1500.0,3500.0,4,3.84479516457858,0.08926817949923511,3,3.8196015103196297,0.999818619800198,0.0009069009990098455
SiC_10deg,SiC,10.0,peak,151,280.0,1700.0,3000.0,3,3.85950057600894,0.1302658786029205,2,3.8285663244709327,0.9995504920259864,0.0008990159480271788
SiC_10deg,SiC,10.0,trough,151,280.0,1700.0,3000.0,3,3.8062913238356404,0.05253661813590149,2,3.7949747401488265,0.999924216867444,0.00015156626511200592
SiC_15deg,SiC,15.0,peak,61,200.0,1000.0,4000.0,12,7.73285727180195,0.8753506689781761,11,7.689387802415923,0.999602977873695,0.05677416406160832
SiC_15deg,SiC,15.0,trough,61,200.0,1000.0,4000.0,11,7.28085156846677,1.0063990592465821,10,7.263706998104499,0.996428178015724,0.39290041827035216
SiC_15deg,SiC,15.0,peak,61,200.0,1200.0,4000.0,11,7.886554387064026,0.7635521183323862,10,7.707015018045535,0.999559325990387,0.04847414105742472
SiC_15deg,SiC,15.0,trough,61,200.0,1200.0,4000.0,10,7.223269670029513,1.0450932925946312,9,7.336441178087676,0.9964739608922296,0.29089822639105817
SiC_15deg,SiC,15.0,peak,61,200.0,1500.0,3500.0,8,7.672629533496467,0.562449129223059,7,7.615005264279153,0.9997052851642836,0.012378023100089378
SiC_15deg,SiC,15.0,trough,61,200.0,1500.0,3500.0,7,7.657270812049056,0.23636029466846972,6,7.579530278441223,0.9998025861809462,0.005527586933505787
SiC_15deg,SiC,15.0,peak,61,200.0,1700.0,3000.0,5,7.7237120993739605,0.7297383868380638,4,7.667604868406698,0.9987708932926276,0.012291067073723953
SiC_15deg,SiC,15.0,trough,61,200.0,1700.0,3000.0,5,7.71808697395767,0.2666441919358948,4,7.629824177753992,0.9996030394421606,0.003969605578394852
SiC_15deg,SiC,15.0,peak,61,240.0,1000.0,4000.0,11,7.406518238074251,0.8299712733950292,10,7.541665675537426,0.9983111145724121,0.1857773970346687
SiC_15deg,SiC,15.0,trough,61,240.0,1000.0,4000.0,10,6.766872365756312,1.4062145989437103,9,6.646852774532813,0.9820486380665568,1.4809873595090592
SiC_15deg,SiC,15.0,peak,61,240.0,1200.0,4000.0,11,7.406518238074251,0.8299712733950292,10,7.541665675537426,0.9983111145724121,0.1857773970346687
SiC_15deg,SiC,15.0,trough,61,240.0,1200.0,4000.0,9,6.637845329675591,1.440412319861831,8,6.774820172941388,0.979185590476308,1.2488645714215179
SiC_15deg,SiC,15.0,peak,61,240.0,1500.0,3500.0,8,7.6352801660604195,0.17078347114038675,7,7.585329961480687,0.9998717111748157,0.0053881306577433005
SiC_15deg,SiC,15.0,trough,61,240.0,1500.0,3500.0,6,6.807392095886689,1.422017078766465,5,6.903553955960124,0.9788217815462521,0.3706188229405878
SiC_15deg,SiC,15.0,peak,61,240.0,1700.0,3000.0,5,7.658350706360876,0.18653769828181135,4,7.59951793949481,0.9998197689385424,0.0018023106145762405
SiC_15deg,SiC,15.0,trough,61,240.0,1700.0,3000.0,4,6.32189450098993,1.666976917979374,3,6.2066840069039575,0.9609137399669455,0.1954313001652724
SiC_15deg,SiC,15.0,peak,61,280.0,1000.0,4000.0,7,4.555239242639128,1.044229963113362,6,4.243585420091833,0.9940345387672233,0.16703291451774777
SiC_15deg,SiC,15.0,trough,61,280.0,1000.0,4000.0,7,4.233335010566248,0.6872088599548934,6,4.163694941677175,0.9960230303498712,0.11135515020360817
SiC_15deg,SiC,15.0,peak,61,280.0,1200.0,4000.0,7,4.555239242639128,1.044229963113362,6,4.243585420091833,0.9940345387672233,0.16703291451774777
SiC_15deg,SiC,15.0,trough,61,280.0,1200.0,4000.0,6,3.9031533737058055,0.24906387713455108,5,3.813364019028203,0.9989238822701186,0.018832060272923255
SiC_15deg,SiC,15.0,peak,61,280.0,1500.0,3500.0,5,4.607751715409297,1.2139373025889204,4,4.302491880973168,0.9910185679347594,0.08981432065240606
SiC_15deg,SiC,15.0,trough,61,280.0,1500.0,3500.0,4,3.8275676570502983,0.0975267590970624,3,3.8015493007199352,0.9998117767091964,0.0009411164540176827
SiC_15deg,SiC,15.0,peak,61,280.0,1700.0,3000.0,4,5.249136280756294,1.1032157070588915,3,4.923662248694952,0.9890746208997204,0.05462689550139815
SiC_15deg,SiC,15.0,trough,61,280.0,1700.0,3000.0,3,3.857548313794074,0.10756711288121656,2,3.832699796252922,0.9996924524986954,0.0006150950026091454
SiC_15deg,SiC,15.0,peak,101,200.0,1000.0,4000.0,12,7.707508898379984,0.8029002627569098,11,7.668702420353444,0.9995975053979236,0.05755672809693104
SiC_15deg,SiC,15.0,trough,101,200.0,1000.0,4000.0,11,7.262975700072557,0.9837445000652961,10,7.286553295702132,0.9960569598450842,0.4337344170407344
SiC_15deg,SiC,15.0,peak,101,200.0,1200.0,4000.0,11,7.858671176299865,0.6765821001204743,10,7.683892117695505,0.9995332325595028,0.051344418454693924
SiC_15deg,SiC,15.0,trough,101,200.0,1200.0,4000.0,10,7.248173966219609,1.0359007993492844,9,7.372263405232483,0.9964278473276797,0.29470259546642114
SiC_15deg,SiC,15.0,peak,101,200.0,1500.0,3500.0,8,7.7159972677099224,0.5236910019944595,7,7.629049006581751,0.9996870522951978,0.013143803601689513
SiC_15deg,SiC,15.0,trough,101,200.0,1500.0,3500.0,7,7.653644873724002,0.21499311505153212,6,7.579866082800965,0.999811958779394,0.005265154176967387
SiC_15deg,SiC,15.0,peak,101,200.0,1700.0,3000.0,5,7.709621139813054,0.646292252113798,4,7.6628004325277805,0.9989948608845167,0.01005139115483267
SiC_15deg,SiC,15.0,trough,101,200.0,1700.0,3000.0,5,7.730482816128502,0.22714785849254537,4,7.656851101432596,0.9997217969856534,0.002782030143465555
SiC_15deg,SiC,15.0,peak,101,240.0,1000.0,4000.0,10,6.690049490578698,1.502035109541422,9,6.539509083945099,0.9824693403674769,1.4462794196831599
SiC_15deg,SiC,15.0,trough,101,240.0,1000.0,4000.0,10,6.7499696820775315,1.3869245316707017,9,6.665648437690039,0.9810241995226889,1.5655035393781596
SiC_15deg,SiC,15.0,peak,101,240.0,1200.0,4000.0,9,6.751819912003387,1.5823346325651688,8,6.678788291534045,0.9805745257944068,1.1655284523355889
SiC_15deg,SiC,15.0,trough,101,240.0,1200.0,4000.0,9,6.669191979243587,1.4509580552664447,8,6.807403915613191,0.978570001373651,1.285799917580936
SiC_15deg,SiC,15.0,peak,101,240.0,1500.0,3500.0,6,6.872508315456235,1.5605565450929195,5,6.460771186183147,0.9787248363910325,0.37231536315693087
SiC_15deg,SiC,15.0,trough,101,240.0,1500.0,3500.0,6,6.8083678760632464,1.4256792313608808,5,6.901923561821632,0.9787736773402566,0.37146064654551003
SiC_15deg,SiC,15.0,peak,101,240.0,1700.0,3000.0,4,6.440110392309843,1.8950836287813988,3,5.562389770135764,0.9754137498072328,0.1229312509638356
SiC_15deg,SiC,15.0,trough,101,240.0,1700.0,3000.0,4,6.347300467495408,1.6900033415560567,3,6.224539166631834,0.9595381538412615,0.20230923079369267
SiC_15deg,SiC,15.0,peak,101,280.0,1000.0,4000.0,7,4.548779917921059,1.0563690303987159,6,4.233359295398785,0.9934591679075219,0.18314329858938772
SiC_15deg,SiC,15.0,trough,101,280.0,1000.0,4000.0,7,4.090525379866592,0.408699162851038,6,4.058275741949358,0.998297753032797,0.04766291508168313
SiC_15deg,SiC,15.0,peak,101,280.0,1200.0,4000.0,7,4.548779917921059,1.0563690303987159,6,4.233359295398785,0.9934591679075219,0.18314329858938772
SiC_15deg,SiC,15.0,trough,101,280.0,1200.0,4000.0,6,3.9189463056601674,0.2497278929537198,5,3.830287070948914,0.9989985540634104,0.017525303890317562
SiC_15deg,SiC,15.0,peak,101,280.0,1500.0,3500.0,5,4.639559525315202,1.2288424357615726,4,4.313623279233781,0.9904688292012661,0.09531170798733943
SiC_15deg,SiC,15.0,trough,101,280.0,1500.0,3500.0,4,3.8261399529027407,0.09313808293913081,3,3.799996711371718,0.9998059403706689,0.0009702981466554593
SiC_15deg,SiC,15.0,peak,101,280.0,1700.0,3000.0,4,5.309353367811155,1.1282435470405343,3,4.946460996235687,0.9876766918629012,0.06161654068549377
SiC_15deg,SiC,15.0,trough,101,280.0,1700.0,3000.0,3,3.8642193288976836,0.09306952837460725,2,3.843110546246121,0.9997702065634262,0.00045958687314765406
SiC_15deg,SiC,15.0,peak,151,200.0,1000.0,4000.0,12,7.678087614259218,0.6638383553273579,11,7.639388027732757,0.9996387829115831,0.05165404364360662
SiC_15deg,SiC,15.0,trough,151,200.0,1000.0,4000.0,11,7.450505420217352,0.6619684185448995,10,7.543143367424286,0.9992717569872426,0.0801067314033173
SiC_15deg,SiC,15.0,peak,151,200.0,1200.0,4000.0,11,7.8136043141040235,0.5317301598546064,10,7.645571790850619,0.9995399412041103,0.05060646754787594
SiC_15deg,SiC,15.0,trough,151,200.0,1200.0,4000.0,10,7.276529339918265,1.021745998349726,9,7.419752192934801,0.9962458670113217,0.3097159715659648
SiC_15deg,SiC,15.0,peak,151,200.0,1500.0,3500.0,8,7.711980218794807,0.38889582194284283,7,7.626765322110213,0.9997761513686465,0.009401642516845199
SiC_15deg,SiC,15.0,trough,151,200.0,1500.0,3500.0,7,7.652176788830847,0.18523048916952423,6,7.591683230835548,0.99987243332706,0.0035718668423192768
SiC_15deg,SiC,15.0,peak,151,200.0,1700.0,3000.0,5,7.6699567674796345,0.4203073932165882,4,7.631387424194731,0.9996442787292829,0.00355721270717194
SiC_15deg,SiC,15.0,trough,151,200.0,1700.0,3000.0,4,7.59351378534313,0.09561183608919675,3,7.568574541375064,0.9999342592104322,0.000328703947839139
SiC_15deg,SiC,15.0,peak,151,240.0,1000.0,4000.0,10,6.67185734389054,1.4699176220186643,9,6.520773343168718,0.9835253935832884,1.3591550293787125
SiC_15deg,SiC,15.0,trough,151,240.0,1000.0,4000.0,11,7.450505420217352,0.6619684185448995,10,7.543143367424286,0.9992717569872426,0.0801067314033173
SiC_15deg,SiC,15.0,peak,151,240.0,1200.0,4000.0,9,6.715474434900463,1.553582307702949,8,6.650878099717474,0.9814894545905541,1.1106327245667504
SiC_15deg,SiC,15.0,trough,151,240.0,1200.0,4000.0,10,7.276529339918265,1.021745998349726,9,7.419752192934801,0.9962458670113217,0.3097159715659648
SiC_15deg,SiC,15.0,peak,151,240.0,1500.0,3500.0,6,6.862965220897382,1.546798147658936,5,6.465572560666176,0.9786485956188811,0.3736495766695804
SiC_15deg,SiC,15.0,trough,151,240.0,1500.0,3500.0,7,7.652176788830847,0.18523048916952423,6,7.591683230835548,0.99987243332706,0.0035718668423192768
SiC_15deg,SiC,15.0,peak,151,240.0,1700.0,3000.0,4,6.408468096574886,1.8598637996245762,3,5.557668448034684,0.9763845279731598,0.11807736013420139
SiC_15deg,SiC,15.0,trough,151,240.0,1700.0,3000.0,4,7.59351378534313,0.09561183608919675,3,7.568574541375064,0.9999342592104322,0.000328703947839139
SiC_15deg,SiC,15.0,peak,151,280.0,1000.0,4000.0,6,3.802004694371076,0.7657253161360074,5,3.4947053482559625,0.9925873614400474,0.12972117479917042
SiC_15deg,SiC,15.0,trough,151,280.0,1000.0,4000.0,6,4.176385922677137,0.6811806015475117,5,3.926867441584793,0.9961597376425816,0.06720459125482267
SiC_15deg,SiC,15.0,peak,151,280.0,1200.0,4000.0,6,3.8216070640360194,0.7944678871261548,5,3.498822127022736,0.9922909166307698,0.13490895896152805
SiC_15deg,SiC,15.0,trough,151,280.0,1200.0,4000.0,6,3.9369451658760313,0.24854939434575238,5,3.852917261029657,0.9991635767265026,0.014637407286205746
SiC_15deg,SiC,15.0,peak,151,280.0,1500.0,3500.0,4,3.4428944028432817,0.6642866467735487,3,3.2303446940457805,0.9912231533133765,0.04388423343311747
SiC_15deg,SiC,15.0,trough,151,280.0,1500.0,3500.0,4,3.825326415603545,0.07412115504641034,3,3.805516167895279,0.9998853253352852,0.0005733733235739104
SiC_15deg,SiC,15.0,peak,151,280.0,1700.0,3000.0,2,2.5164666193628094,0.0,1,,,
SiC_15deg,SiC,15.0,trough,151,280.0,1700.0,3000.0,3,4.358737090177859,0.5299564800258902,2,4.390420846226238,0.9938038227166863,0.012392354566627406
Si_10deg,Si,10.0,peak,61,200.0,1000.0,4000.0,10,5.061428552782402,1.6044741131861746,9,4.951172492155034,0.9695244294239147,2.5142345725270365
Si_10deg,Si,10.0,trough,61,200.0,1000.0,4000.0,11,6.168368829502631,1.3334714441191233,10,6.328203730704159,0.9809976658562918,2.0902567558079053
Si_10deg,Si,10.0,peak,61,200.0,1200.0,4000.0,10,5.213193032844977,1.5251370340211898,9,5.018759192008993,0.9751531502256091,2.049865106387246
Si_10deg,Si,10.0,trough,61,200.0,1200.0,4000.0,11,6.168368829502631,1.3334714441191233,10,6.328203730704159,0.9809976658562918,2.0902567558079053
Si_10deg,Si,10.0,peak,61,200.0,1500.0,3500.0,7,4.908550767225518,1.5296473407578033,6,4.810740681403426,0.9633499316098971,1.0262019149228792
Si_10deg,Si,10.0,trough,61,200.0,1500.0,3500.0,8,6.306763157782967,1.165701738184108,7,6.422026120856083,0.9883457589234499,0.4894781252151026
Si_10deg,Si,10.0,peak,61,200.0,1700.0,3000.0,4,4.562164394123682,1.6048676852356218,3,3.819952467799927,0.9798375609383698,0.1008121953081507
Si_10deg,Si,10.0,trough,61,200.0,1700.0,3000.0,5,6.013475057712364,1.4673659731242807,4,5.996084202450633,0.9664951182037806,0.3350488179621941
Si_10deg,Si,10.0,peak,61,240.0,1000.0,4000.0,8,3.5820097532421,0.3114681941642717,7,3.580172485414989,0.9986999290297051,0.05460298075238744
Si_10deg,Si,10.0,trough,61,240.0,1000.0,4000.0,7,3.451875690419414,0.08558952188658107,6,3.4273737570762988,0.999877601965372,0.0034271449695830246
Si_10deg,Si,10.0,peak,61,240.0,1200.0,4000.0,8,3.777135513322552,0.588779720515587,7,3.6283500219003915,0.9981293012701373,0.07856934665423364
Si_10deg,Si,10.0,trough,61,240.0,1200.0,4000.0,7,3.451875690419414,0.08558952188658107,6,3.4273737570762988,0.999877601965372,0.0034271449695830246
Si_10deg,Si,10.0,peak,61,240.0,1500.0,3500.0,6,3.836329139210432,0.7726965912027366,5,3.810934112405439,0.9915268089682512,0.1482808430556047
Si_10deg,Si,10.0,trough,61,240.0,1500.0,3500.0,5,3.4099662592575726,0.06370758061167656,4,3.391773561929188,0.9998509889194146,0.00149011080585382
Si_10deg,Si,10.0,peak,61,240.0,1700.0,3000.0,3,3.43161511159465,0.17022159084435073,2,3.456084271000557,0.9989963602192504,0.002007279561499074
Si_10deg,Si,10.0,trough,61,240.0,1700.0,3000.0,3,3.462243293407955,0.011836512247325848,2,3.4598307089696467,0.9999953312800336,9.33743993289366e-06
Si_10deg,Si,10.0,peak,61,280.0,1000.0,4000.0,8,3.5820097532421,0.3114681941642717,7,3.580172485414989,0.9986999290297051,0.05460298075238744
Si_10deg,Si,10.0,trough,61,280.0,1000.0,4000.0,7,3.451875690419414,0.08558952188658107,6,3.4273737570762988,0.999877601965372,0.0034271449695830246
Si_10deg,Si,10.0,peak,61,280.0,1200.0,4000.0,8,3.777135513322552,0.588779720515587,7,3.6283500219003915,0.9981293012701373,0.07856934665423364
Si_10deg,Si,10.0,trough,61,280.0,1200.0,4000.0,7,3.451875690419414,0.08558952188658107,6,3.4273737570762988,0.999877601965372,0.0034271449695830246
Si_10deg,Si,10.0,peak,61,280.0,1500.0,3500.0,5,3.454260940655363,0.12823605512815595,4,3.448365850342125,0.9998214328104821,0.0017856718951791222
Si_10deg,Si,10.0,trough,61,280.0,1500.0,3500.0,5,3.4099662592575726,0.06370758061167656,4,3.391773561929188,0.9998509889194146,0.00149011080585382
Si_10deg,Si,10.0,peak,61,280.0,1700.0,3000.0,3,3.43161511159465,0.17022159084435073,2,3.456084271000557,0.9989963602192504,0.002007279561499074
Si_10deg,Si,10.0,trough,61,280.0,1700.0,3000.0,3,3.462243293407955,0.011836512247325848,2,3.4598307089696467,0.9999953312800336,9.33743993289366e-06
Si_10deg,Si,10.0,peak,101,200.0,1000.0,4000.0,10,5.061686467369999,1.5723404484611212,9,4.970543237899278,0.9695055109509144,2.5157953465495577
Si_10deg,Si,10.0,trough,101,200.0,1000.0,4000.0,10,5.69710555189587,1.5913331785223903,9,5.582406334889017,0.979459624024087,1.6945810180128213
Si_10deg,Si,10.0,peak,101,200.0,1200.0,4000.0,10,5.230918403438551,1.4891188551081902,9,5.044316643902846,0.9755613095012684,2.0161919661453567
Si_10deg,Si,10.0,trough,101,200.0,1200.0,4000.0,10,5.69710555189587,1.5913331785223903,9,5.582406334889017,0.979459624024087,1.6945810180128213
Si_10deg,Si,10.0,peak,101,200.0,1500.0,3500.0,7,4.929681805217677,1.4796445477487985,6,4.842220048728892,0.9644432454398919,0.9955891276830255
Si_10deg,Si,10.0,trough,101,200.0,1500.0,3500.0,7,5.708485602484672,1.6086121361129355,6,5.392190373534917,0.9859662177224522,0.39294590377133753
Si_10deg,Si,10.0,peak,101,200.0,1700.0,3000.0,3,3.4414317081405494,0.052640474857285735,2,3.451054459705473,0.9999058400550818,0.00018831988983643725
Si_10deg,Si,10.0,trough,101,200.0,1700.0,3000.0,3,6.906501206688098,0.3057433099609379,2,6.952321196152678,0.9992022924922749,0.0015954150154502784
Si_10deg,Si,10.0,peak,101,240.0,1000.0,4000.0,8,3.5965054918660937,0.3304992049939329,7,3.591799018605659,0.9985629364276707,0.060356670037829935
Si_10deg,Si,10.0,trough,101,240.0,1000.0,4000.0,7,3.4411967699567043,0.08065124718145007,6,3.412018350748829,0.9998054853513644,0.005446410161796394
Si_10deg,Si,10.0,peak,101,240.0,1200.0,4000.0,8,3.8140894096685187,0.6393239199430579,7,3.6442434774958623,0.9978044495410284,0.0922131192768082
Si_10deg,Si,10.0,trough,101,240.0,1200.0,4000.0,7,3.4411967699567043,0.08065124718145007,6,3.412018350748829,0.9998054853513644,0.005446410161796394
Si_10deg,Si,10.0,peak,101,240.0,1500.0,3500.0,6,3.8935989797629027,0.8538875906844016,5,3.833716068936856,0.9913619906981612,0.15116516278217784
Si_10deg,Si,10.0,trough,101,240.0,1500.0,3500.0,5,3.4323395648675317,0.039921025880646804,4,3.4197687093705174,0.9999469115057387,0.0005308849426129517
Si_10deg,Si,10.0,peak,101,240.0,1700.0,3000.0,3,3.4414317081405494,0.052640474857285735,2,3.451054459705473,0.9999058400550818,0.00018831988983643725
Si_10deg,Si,10.0,trough,101,240.0,1700.0,3000.0,2,3.4464831411523864,0.0,1,,,
Si_10deg,Si,10.0,peak,101,280.0,1000.0,4000.0,8,3.5965054918660937,0.3304992049939329,7,3.591799018605659,0.9985629364276707,0.060356670037829935
Si_10deg,Si,10.0,trough,101,280.0,1000.0,4000.0,7,3.4411967699567043,0.08065124718145007,6,3.412018350748829,0.9998054853513644,0.005446410161796394
Si_10deg,Si,10.0,peak,101,280.0,1200.0,4000.0,8,3.8140894096685187,0.6393239199430579,7,3.6442434774958623,0.9978044495410284,0.0922131192768082
Si_10deg,Si,10.0,trough,101,280.0,1200.0,4000.0,7,3.4411967699567043,0.08065124718145007,6,3.412018350748829,0.9998054853513644,0.005446410161796394
Si_10deg,Si,10.0,peak,101,280.0,1500.0,3500.0,5,3.469044187090541,0.10085217895838713,4,3.443025030129967,0.9998235578304807,0.0017644216951932835
Si_10deg,Si,10.0,trough,101,280.0,1500.0,3500.0,5,3.4323395648675317,0.039921025880646804,4,3.4197687093705174,0.9999469115057387,0.0005308849426129517
Si_10deg,Si,10.0,peak,101,280.0,1700.0,3000.0,3,3.4414317081405494,0.052640474857285735,2,3.451054459705473,0.9999058400550818,0.00018831988983643725
Si_10deg,Si,10.0,trough,101,280.0,1700.0,3000.0,2,3.4464831411523864,0.0,1,,,
Si_10deg,Si,10.0,peak,151,200.0,1000.0,4000.0,10,5.098754210066023,1.5972953833593866,9,4.9132914287668665,0.9855542737242953,1.191772417745637
Si_10deg,Si,10.0,trough,151,200.0,1000.0,4000.0,9,5.120631391184807,1.6466202192139276,8,5.011248699611792,0.9507853886741728,2.9528766795496324
Si_10deg,Si,10.0,peak,151,200.0,1200.0,4000.0,10,5.291744688797384,1.5104647839534473,9,4.98946335082631,0.9903069734210262,0.7996746927653333
Si_10deg,Si,10.0,trough,151,200.0,1200.0,4000.0,9,5.120631391184807,1.6466202192139276,8,5.011248699611792,0.9507853886741728,2.9528766795496324
Si_10deg,Si,10.0,peak,151,200.0,1500.0,3500.0,7,5.029516407783202,1.5603461396778782,6,4.7485831544782355,0.9884655563648389,0.3229644217845113
Si_10deg,Si,10.0,trough,151,200.0,1500.0,3500.0,6,4.800442175992666,1.6645811182831467,5,4.589988937043442,0.9566863651363697,0.7579886101135306
Si_10deg,Si,10.0,peak,151,200.0,1700.0,3000.0,4,5.737060114562901,1.6482775128459293,3,5.555618517192092,0.9511398844218573,0.2443005778907138
Si_10deg,Si,10.0,trough,151,200.0,1700.0,3000.0,2,3.434789758086802,0.0,1,,,
Si_10deg,Si,10.0,peak,151,240.0,1000.0,4000.0,8,3.6222900525343804,0.39794414100199305,7,3.6135006543892065,0.998066021837513,0.0812270828244512
Si_10deg,Si,10.0,trough,151,240.0,1000.0,4000.0,7,3.446365354984042,0.08013088257794698,6,3.418470353326972,0.9998380666229941,0.004534134556163565
Si_10deg,Si,10.0,peak,151,240.0,1200.0,4000.0,8,3.870420668046131,0.7283139454899236,7,3.671865050244317,0.9972541464097435,0.11532585079077151
Si_10deg,Si,10.0,trough,151,240.0,1200.0,4000.0,7,3.446365354984042,0.08013088257794698,6,3.418470353326972,0.9998380666229941,0.004534134556163565
Si_10deg,Si,10.0,peak,151,240.0,1500.0,3500.0,6,3.9648240333024978,0.9393068244000827,5,3.877213309827523,0.9902196126370738,0.17115677885120772
Si_10deg,Si,10.0,trough,151,240.0,1500.0,3500.0,5,3.4359922091644606,0.028265154746876225,4,3.427658418604245,0.9999798467837506,0.00020153216249341204
Si_10deg,Si,10.0,peak,151,240.0,1700.0,3000.0,3,3.429101031750991,0.02129761670237862,2,3.4332121696926543,0.9999845318505051,3.093629898996359e-05
Si_10deg,Si,10.0,trough,151,240.0,1700.0,3000.0,2,3.434789758086802,0.0,1,,,
Si_10deg,Si,10.0,peak,151,280.0,1000.0,4000.0,8,3.6222900525343804,0.39794414100199305,7,3.6135006543892065,0.998066021837513,0.0812270828244512
Si_10deg,Si,10.0,trough,151,280.0,1000.0,4000.0,7,3.446365354984042,0.08013088257794698,6,3.418470353326972,0.9998380666229941,0.004534134556163565
Si_10deg,Si,10.0,peak,151,280.0,1200.0,4000.0,7,3.6213937337057067,0.4298222565262895,6,3.628651842452487,0.9972582441650867,0.0767691633775719
Si_10deg,Si,10.0,trough,151,280.0,1200.0,4000.0,7,3.446365354984042,0.08013088257794698,6,3.418470353326972,0.9998380666229941,0.004534134556163565
Si_10deg,Si,10.0,peak,151,280.0,1500.0,3500.0,5,3.4990421983623103,0.13456615159269944,4,3.4601241918655377,0.99967993854415,0.0032006145584997305
Si_10deg,Si,10.0,trough,151,280.0,1500.0,3500.0,5,3.4359922091644606,0.028265154746876225,4,3.427658418604245,0.9999798467837506,0.00020153216249341204
Si_10deg,Si,10.0,peak,151,280.0,1700.0,3000.0,3,3.429101031750991,0.02129761670237862,2,3.4332121696926543,0.9999845318505051,3.093629898996359e-05
Si_10deg,Si,10.0,trough,151,280.0,1700.0,3000.0,2,3.434789758086802,0.0,1,,,
Si_15deg,Si,15.0,peak,61,200.0,1000.0,4000.0,10,5.089158761099726,1.6084249892744855,9,5.002465780947,0.9650581804586353,2.882700112162588
Si_15deg,Si,15.0,trough,61,200.0,1000.0,4000.0,11,6.116972239121013,1.3441470133559994,10,6.048525260766079,0.9885652796231793,1.257819241450273
Si_15deg,Si,15.0,peak,61,200.0,1200.0,4000.0,10,5.219600820185556,1.5260632867984834,9,5.0667576037125395,0.9708388625605503,2.4057938387545965
Si_15deg,Si,15.0,trough,61,200.0,1200.0,4000.0,11,6.116972239121013,1.3441470133559994,10,6.048525260766079,0.9885652796231793,1.257819241450273
Si_15deg,Si,15.0,peak,61,200.0,1500.0,3500.0,7,4.960838525482802,1.5386312235863406,6,4.869670734936006,0.9555409011352922,1.2448547682118178
Si_15deg,Si,15.0,trough,61,200.0,1500.0,3500.0,9,6.376896348679793,1.1260248525517094,8,6.000684459457088,0.9919582885207822,0.4825026887530702
Si_15deg,Si,15.0,peak,61,200.0,1700.0,3000.0,4,4.386955193581516,1.3822057984522316,3,3.7702837667410427,0.9827482656611198,0.08625867169440066
Si_15deg,Si,15.0,trough,61,200.0,1700.0,3000.0,5,6.038741323247197,1.5152154829761448,4,5.2539076233023145,0.9816668515683556,0.18333148431644386
Si_15deg,Si,15.0,peak,61,240.0,1000.0,4000.0,8,3.6147750323900794,0.41898788405346493,7,3.613851791482469,0.9974283977844587,0.10800729305273413
Si_15deg,Si,15.0,trough,61,240.0,1000.0,4000.0,7,3.4160551067058478,0.07409624224105432,6,3.389583204191793,0.9998469922767858,0.004284216249999662
Si_15deg,Si,15.0,peak,61,240.0,1200.0,4000.0,8,3.782486251214718,0.5761245287483098,7,3.659502163026332,0.9973861675728272,0.10978096194126107
Si_15deg,Si,15.0,trough,61,240.0,1200.0,4000.0,7,3.4160551067058478,0.07409624224105432,6,3.389583204191793,0.9998469922767858,0.004284216249999662
Si_15deg,Si,15.0,peak,61,240.0,1500.0,3500.0,5,3.400502609618213,0.10947844900289568,4,3.3903537391348095,0.9998768346053458,0.0012316539465422357
Si_15deg,Si,15.0,trough,61,240.0,1500.0,3500.0,5,3.401202095709331,0.03736054228960739,4,3.3900557700295315,0.9999500635102679,0.0004993648973208354
Si_15deg,Si,15.0,peak,61,240.0,1700.0,3000.0,3,3.4125599930226453,0.1319139238138678,2,3.4331757787271386,0.9993931009434369,0.001213798113126139
Si_15deg,Si,15.0,trough,61,240.0,1700.0,3000.0,3,3.4325270036447177,0.015496998930198513,2,3.4293493341120103,0.999991861545867,1.6276908266042815e-05
Si_15deg,Si,15.0,peak,61,280.0,1000.0,4000.0,8,3.6147750323900794,0.41898788405346493,7,3.613851791482469,0.9974283977844587,0.10800729305273413
Si_15deg,Si,15.0,trough,61,280.0,1000.0,4000.0,7,3.4160551067058478,0.07409624224105432,6,3.389583204191793,0.9998469922767858,0.004284216249999662
Si_15deg,Si,15.0,peak,61,280.0,1200.0,4000.0,8,3.782486251214718,0.5761245287483098,7,3.659502163026332,0.9973861675728272,0.10978096194126107
Si_15deg,Si,15.0,trough,61,280.0,1200.0,4000.0,7,3.4160551067058478,0.07409624224105432,6,3.389583204191793,0.9998469922767858,0.004284216249999662
Si_15deg,Si,15.0,peak,61,280.0,1500.0,3500.0,5,3.400502609618213,0.10947844900289568,4,3.3903537391348095,0.9998768346053458,0.0012316539465422357
Si_15deg,Si,15.0,trough,61,280.0,1500.0,3500.0,5,3.401202095709331,0.03736054228960739,4,3.3900557700295315,0.9999500635102679,0.0004993648973208354
Si_15deg,Si,15.0,peak,61,280.0,1700.0,3000.0,3,3.4125599930226453,0.1319139238138678,2,3.4331757787271386,0.9993931009434369,0.001213798113126139
Si_15deg,Si,15.0,trough,61,280.0,1700.0,3000.0,3,3.4325270036447177,0.015496998930198513,2,3.4293493341120103,0.999991861545867,1.6276908266042815e-05
Si_15deg,Si,15.0,peak,101,200.0,1000.0,4000.0,9,4.480842908167443,1.4825467517830955,8,4.338332735780981,0.9737190670348321,1.5768559779100693
Si_15deg,Si,15.0,trough,101,200.0,1000.0,4000.0,8,4.391869003714276,1.5288123706108239,7,4.153633049342527,0.986877058386044,0.5511635477861505
Si_15deg,Si,15.0,peak,101,200.0,1200.0,4000.0,9,4.649562511042083,1.4495099536619758,8,4.400536590148764,0.977717560858266,1.3369463485040378
Si_15deg,Si,15.0,trough,101,200.0,1200.0,4000.0,8,4.391869003714276,1.5288123706108239,7,4.153633049342527,0.986877058386044,0.5511635477861505
Si_15deg,Si,15.0,peak,101,200.0,1500.0,3500.0,6,3.9945397304577197,1.1616780791792538,5,3.8787128235931947,0.985969920479629,0.2455263916064936
Si_15deg,Si,15.0,trough,101,200.0,1500.0,3500.0,6,4.779317702938231,1.6555627678034568,5,4.572958164157714,0.9563778880581995,0.7633869589815092
Si_15deg,Si,15.0,peak,101,200.0,1700.0,3000.0,4,4.489106846702983,1.5150623651288966,3,3.797150396931495,0.9808545603801149,0.09572719809942566
Si_15deg,Si,15.0,trough,101,200.0,1700.0,3000.0,3,3.4384663916356306,0.025270508947230264,2,3.433204675467631,0.9999784583541045,4.308329179108026e-05
Si_15deg,Si,15.0,peak,101,240.0,1000.0,4000.0,8,3.634232518859306,0.46218296150721166,7,3.6280216772223866,0.9971370975806109,0.12024190161434431
Si_15deg,Si,15.0,trough,101,240.0,1000.0,4000.0,7,3.422422454387497,0.07278212074116519,6,3.397657978849715,0.9998481611953065,0.0042514865314162795
Si_15deg,Si,15.0,peak,101,240.0,1200.0,4000.0,8,3.827054922144609,0.6517305408529674,7,3.6784182968485224,0.997034477928271,0.12455192701261467
Si_15deg,Si,15.0,trough,101,240.0,1200.0,4000.0,7,3.422422454387497,0.07278212074116519,6,3.397657978849715,0.9998481611953065,0.0042514865314162795
Si_15deg,Si,15.0,peak,101,240.0,1500.0,3500.0,5,3.4158090307641595,0.11056145674695601,4,3.407832674542205,0.9998802111599517,0.0011978884004829413
Si_15deg,Si,15.0,trough,101,240.0,1500.0,3500.0,5,3.422010053754051,0.02444163938532093,4,3.4148390430002107,0.9999853240532093,0.0001467594679074256
Si_15deg,Si,15.0,peak,101,240.0,1700.0,3000.0,3,3.4208588525994292,0.14021278339065213,2,3.442398036926975,0.999317039064715,0.0013659218705698631
Si_15deg,Si,15.0,trough,101,240.0,1700.0,3000.0,3,3.4384663916356306,0.025270508947230264,2,3.433204675467631,0.9999784583541045,4.308329179108026e-05
Si_15deg,Si,15.0,peak,101,280.0,1000.0,4000.0,8,3.634232518859306,0.46218296150721166,7,3.6280216772223866,0.9971370975806109,0.12024190161434431
Si_15deg,Si,15.0,trough,101,280.0,1000.0,4000.0,7,3.422422454387497,0.07278212074116519,6,3.397657978849715,0.9998481611953065,0.0042514865314162795
Si_15deg,Si,15.0,peak,101,280.0,1200.0,4000.0,8,3.827054922144609,0.6517305408529674,7,3.6784182968485224,0.997034477928271,0.12455192701261467
Si_15deg,Si,15.0,trough,101,280.0,1200.0,4000.0,7,3.422422454387497,0.07278212074116519,6,3.397657978849715,0.9998481611953065,0.0042514865314162795
Si_15deg,Si,15.0,peak,101,280.0,1500.0,3500.0,5,3.4158090307641595,0.11056145674695601,4,3.407832674542205,0.9998802111599517,0.0011978884004829413
Si_15deg,Si,15.0,trough,101,280.0,1500.0,3500.0,5,3.422010053754051,0.02444163938532093,4,3.4148390430002107,0.9999853240532093,0.0001467594679074256
Si_15deg,Si,15.0,peak,101,280.0,1700.0,3000.0,3,3.4208588525994292,0.14021278339065213,2,3.442398036926975,0.999317039064715,0.0013659218705698631
Si_15deg,Si,15.0,trough,101,280.0,1700.0,3000.0,3,3.4384663916356306,0.025270508947230264,2,3.433204675467631,0.9999784583541045,4.308329179108026e-05
Si_15deg,Si,15.0,peak,151,200.0,1000.0,4000.0,9,4.484273749891299,1.425262867045596,8,4.365168715445654,0.9717656849516348,1.694058902901907
Si_15deg,Si,15.0,trough,151,200.0,1000.0,4000.0,9,5.125747119378712,1.6734196785725228,8,4.920162078810022,0.976740381516801,1.3955771089919433
Si_15deg,Si,15.0,peak,151,200.0,1200.0,4000.0,9,4.676534206709373,1.396323689715008,8,4.4346245007482805,0.9762252458863977,1.4264852468161406
Si_15deg,Si,15.0,trough,151,200.0,1200.0,4000.0,9,5.125747119378712,1.6734196785725228,8,4.920162078810022,0.976740381516801,1.3955771089919433
Si_15deg,Si,15.0,peak,151,200.0,1500.0,3500.0,6,4.07851387233209,1.2772913073923278,5,3.9217499144646286,0.984652561585,0.26858017226249986
Si_15deg,Si,15.0,trough,151,200.0,1500.0,3500.0,6,4.7786069895743415,1.6659320273296478,5,4.43892313587606,0.9831411334506118,0.29503016461429216
Si_15deg,Si,15.0,peak,151,200.0,1700.0,3000.0,4,4.605384318318877,1.6891044219040772,3,3.8088133622269758,0.9778723167124808,0.11063841643759623
Si_15deg,Si,15.0,trough,151,200.0,1700.0,3000.0,4,4.567652254115974,1.6026306254887785,3,4.309481251530498,0.9663717501425367,0.16814124928731647
Si_15deg,Si,15.0,peak,151,240.0,1000.0,4000.0,8,3.674408561427282,0.586600292439189,7,3.6499829570756943,0.9962364826749703,0.15806772765124488
Si_15deg,Si,15.0,trough,151,240.0,1000.0,4000.0,7,3.4361858447461233,0.06345253905483524,6,3.4146635527782934,0.9999141327335617,0.002404283460272419
Si_15deg,Si,15.0,peak,151,240.0,1200.0,4000.0,8,3.8941347977907954,0.775011550403772,7,3.7062066217105296,0.9961369911894963,0.16224637004115458
Si_15deg,Si,15.0,trough,151,240.0,1200.0,4000.0,7,3.4361858447461233,0.06345253905483524,6,3.4146635527782934,0.9999141327335617,0.002404283460272419
Si_15deg,Si,15.0,peak,151,240.0,1500.0,3500.0,5,3.4417341465177937,0.10908372419545437,4,3.4222598282061476,0.9998649731542636,0.0013502684573645596
Si_15deg,Si,15.0,trough,151,240.0,1500.0,3500.0,5,3.416213838969454,0.022125216900873258,4,3.409477583710074,0.9999836644934873,0.00016335506512681733
Si_15deg,Si,15.0,peak,151,240.0,1700.0,3000.0,3,3.4124968680378585,0.10329189237305747,2,3.4296266176544075,0.9996290992646564,0.0007418014706872353
Si_15deg,Si,15.0,trough,151,240.0,1700.0,3000.0,3,3.434448376459442,0.013575626115474693,2,3.431673211544389,0.9999937600909218,1.2479818156510473e-05
Si_15deg,Si,15.0,peak,151,280.0,1000.0,4000.0,8,3.674408561427282,0.586600292439189,7,3.6499829570756943,0.9962364826749703,0.15806772765124488
Si_15deg,Si,15.0,trough,151,280.0,1000.0,4000.0,7,3.4361858447461233,0.06345253905483524,6,3.4146635527782934,0.9999141327335617,0.002404283460272419
Si_15deg,Si,15.0,peak,151,280.0,1200.0,4000.0,8,3.8941347977907954,0.775011550403772,7,3.7062066217105296,0.9961369911894963,0.16224637004115458
Si_15deg,Si,15.0,trough,151,280.0,1200.0,4000.0,7,3.4361858447461233,0.06345253905483524,6,3.4146635527782934,0.9999141327335617,0.002404283460272419
Si_15deg,Si,15.0,peak,151,280.0,1500.0,3500.0,5,3.4417341465177937,0.10908372419545437,4,3.4222598282061476,0.9998649731542636,0.0013502684573645596
Si_15deg,Si,15.0,trough,151,280.0,1500.0,3500.0,5,3.416213838969454,0.022125216900873258,4,3.409477583710074,0.9999836644934873,0.00016335506512681733
Si_15deg,Si,15.0,peak,151,280.0,1700.0,3000.0,3,3.4124968680378585,0.10329189237305747,2,3.4296266176544075,0.9996290992646564,0.0007418014706872353
Si_15deg,Si,15.0,trough,151,280.0,1700.0,3000.0,3,3.434448376459442,0.013575626115474693,2,3.431673211544389,0.9999937600909218,1.2479818156510473e-05
